id,lat1,lat2,lon1,lon2,time1,time2,stay,area1,area2,place1,place2,auto_id
2130036,43.7793,47.3667,11.2463,8.55,1481,1481,0,Italy,Switzerland,Florence,"Zurich
",1
2011876,43.7793,45.4389,11.2463,12.3309,1481,1481,0,Italy,Italy,Florence,"Venice
",2
2011876,45.4389,45.4389,12.3309,12.3309,1797,1701,-96,Italy,Italy,Venice,"Venice
",3
2011876,45.4389,48.8534,12.3309,2.3488,1800,1797,-3,Italy,France,Venice,"Paris
",4
2013851,43.7793,42.8333,11.2463,12.8333,1481,1501,20,Italy,Italy,Florence,"Italy
",5
2013851,42.8333,42.8333,12.8333,12.8333,1600,1800,200,Italy,NoInfo,Italy,"NoInfo
",6
2013851,42.8333,51.7311,12.8333,0.67463,1900,1940,40,NoInfo,United Kingdom,NoInfo,"Maldon
",7
2013851,51.7311,51.5085,0.67463,-0.12574,1963,2000,37,United Kingdom,United Kingdom,Maldon,"London
",8
2013851,51.5085,37.9838,-0.12574,23.7278,2001,2015,14,United Kingdom,Greece,London,"Athens
",9
2013851,37.9838,37.9838,23.7278,23.7278,2015,2015,0,Greece,Greece,Athens,"Athens
",10
2141340,43.7793,44.4048,11.2463,8.94439,1481,1765,284,Italy,Italy,Florence,"Genoa
",11
2140781,43.7793,42.8333,11.2463,12.8333,1481,1481,0,Italy,Italy,Florence,"NoInfo
",12
2140781,42.8333,42.8333,12.8333,12.8333,1600,1625,25,Italy,Italy,NoInfo,"NoInfo
",13
2140781,42.8333,42.8333,12.8333,12.8333,1703,1701,-2,Italy,NoInfo,NoInfo,"NoInfo
",14
2140781,42.8333,43.7793,12.8333,11.2463,1800,1752,-48,NoInfo,Italy,NoInfo,"Florence
",15
2141376,43.7793,43.7793,11.2463,11.2463,1481,1894,413,Italy,Italy,Florence,"Florence
",16
2141376,43.7793,43.7793,11.2463,11.2463,1916,1921,5,Italy,Italy,Florence,"Florence
",17
2141406,43.7793,42.8333,11.2463,12.8333,1481,1481,0,Italy,Italy,Florence,"NoInfo
",18
2141406,42.8333,50.8504,12.8333,4.34878,1700,1850,150,Italy,Belgium,NoInfo,"Brussels
",19
2141406,50.8504,44.2955,4.34878,9.99271,1890,1929,39,Belgium,Italy,Brussels,"Castiglione
",20
2019494,43.7793,43.7793,11.2463,11.2463,1481,1501,20,Italy,NoInfo,Florence,"NoInfo
",21
2019494,43.7793,43.7793,11.2463,11.2463,1600,1501,-99,NoInfo,NoInfo,NoInfo,"NoInfo
",22
2019494,43.7793,45.4643,11.2463,9.18951,1600,1800,200,NoInfo,Italy,NoInfo,"Milan
",23
2141444,43.7793,43.7793,11.2463,11.2463,1481,1481,0,Italy,Italy,Florence,"Florence
",24
2141444,43.7793,42.8333,11.2463,12.8333,1500,1481,-19,Italy,Italy,Florence,"NoInfo
",25
2141444,42.8333,42.8333,12.8333,12.8333,1600,1481,-119,Italy,Italy,NoInfo,"NoInfo
",26
2141444,42.8333,42.8333,12.8333,12.8333,1600,1501,-99,Italy,Italy,NoInfo,"NoInfo
",27
2141444,42.8333,38.132,12.8333,13.3356,1600,1788,188,Italy,Italy,NoInfo,"Palermo
",28
2141466,43.7793,42.3751,11.2463,-71.1056,1481,1950,469,Italy,United States,Florence,"Cambridge
",29
2141466,42.3751,42.3751,-71.1056,-71.1056,1984,1984,0,United States,United States,Cambridge,"Cambridge
",30
2013814,43.7793,42.8333,11.2463,12.8333,1481,1481,0,Italy,Italy,Florence,"NoInfo
",31
2013814,42.8333,52.3792,12.8333,0.78599,1500,1781,281,Italy,United Kingdom,NoInfo,"Euston
",32
2013814,52.3792,51.5085,0.78599,-0.12574,1815,1815,0,United Kingdom,United Kingdom,Euston,"London
",33
2013814,51.5085,51.5085,-0.12574,-0.12574,1825,1825,0,United Kingdom,United Kingdom,London,"London
",34
2013814,51.5085,51.5085,-0.12574,-0.12574,1866,1867,1,United Kingdom,United Kingdom,London,"London
",35
2013814,51.5085,57.1718,-0.12574,-2.40945,1867,1867,0,United Kingdom,United Kingdom,London,"Dunecht
",36
2013814,57.1718,42.3584,-2.40945,-71.0598,1887,1887,0,United Kingdom,United States,Dunecht,"Boston
",37
2013814,42.3584,42.3584,-71.0598,-71.0598,1903,1903,0,United States,United States,Boston,"Boston
",38
2141160,43.7793,42.8333,11.2463,12.8333,1481,1481,0,Italy,Italy,Florence,"NoInfo
",39
2141160,42.8333,52.2811,12.8333,-1.00095,1481,1792,311,Italy,United Kingdom,NoInfo,"Althorp
",40
2141160,52.2811,51.5085,-1.00095,-0.12574,1481,1757,276,United Kingdom,United Kingdom,Althorp,"London
",41
2141160,51.5085,51.5085,-0.12574,-0.12574,1829,1829,0,United Kingdom,United Kingdom,London,"London
",42
2141160,51.5085,51.5085,-0.12574,-0.12574,1829,1829,0,United Kingdom,United Kingdom,London,"London
",43
2141529,43.7793,50.0494,11.2463,10.2218,1481,1960,479,Italy,Germany,Florence,"Schweinfurt
",44
2141529,50.0494,40.7143,10.2218,-74.006,2000,1996,-4,Germany,United States,Schweinfurt,"New York
",45
2140753,43.7793,43.7936,11.2463,11.8203,1481,1854,373,Italy,Italy,Florence,"Camaldoli
",46
2140753,43.7936,43.7212,11.8203,11.7664,1856,1856,0,Italy,Italy,Camaldoli,"Poppi
",47
2140643,43.7793,42.8333,11.2463,12.8333,1481,1481,0,Italy,Italy,Florence,"NoInfo
",48
2140643,42.8333,42.8333,12.8333,12.8333,1500,1481,-19,Italy,Italy,NoInfo,"NoInfo
",49
2140643,42.8333,40.4244,12.8333,15.0798,1500,1481,-19,Italy,Italy,NoInfo,"Capaccio
",50
2140643,40.4244,41.9022,15.0798,12.4533,1504,1504,0,Italy,Vatican City,Capaccio,"Vatican City
",51
2140643,41.9022,48.8534,12.4533,2.3488,1504,1797,293,Vatican City,France,Vatican City,"Paris
",52
2140635,43.7793,42.8333,11.2463,12.8333,1481,1481,0,Italy,Italy,Florence,"NoInfo
",53
2140635,42.8333,42.8333,12.8333,12.8333,1500,1481,-19,Italy,Italy,NoInfo,"NoInfo
",54
2140635,42.8333,36.4356,12.8333,28.222,1500,1481,-19,Italy,Greece,NoInfo,"Rhodes
",55
2140635,36.4356,48.8534,28.222,2.3488,1503,1792,289,Greece,France,Rhodes,"Paris
",56
2140761,43.7793,42.8333,11.2463,12.8333,1481,1481,0,Italy,Italy,Florence,"NoInfo
",57
2140761,42.8333,42.8333,12.8333,12.8333,1600,1481,-119,Italy,Italy,NoInfo,"NoInfo
",58
2140761,42.8333,41.8919,12.8333,12.5113,1600,1481,-119,Italy,Italy,NoInfo,"Rome
",59
2140633,43.7793,42.8333,11.2463,12.8333,1481,1481,0,Italy,Italy,Florence,"NoInfo
",60
2140633,42.8333,42.8333,12.8333,12.8333,1500,1481,-19,Italy,Italy,NoInfo,"NoInfo
",61
2140633,42.8333,43.7793,12.8333,11.2463,1600,1601,1,Italy,Italy,NoInfo,"Florence
",62
2140633,43.7793,48.8534,11.2463,2.3488,1800,1818,18,Italy,France,Florence,"Paris
",63
2140985,43.7793,48.691,11.2463,9.14062,1481,1481,0,Italy,NoInfo,Florence,"Europe
",64
2140985,48.691,48.691,9.14062,9.14062,1550,1700,150,NoInfo,NoInfo,Europe,"NoInfo
",65
2140985,48.691,48.8534,9.14062,2.3488,1800,1845,45,NoInfo,France,NoInfo,"Paris
",66
2140985,48.8534,48.8534,2.3488,2.3488,1934,1935,1,France,France,Paris,"Paris
",67
2140771,43.7793,42.8333,11.2463,12.8333,1481,1481,0,Italy,Italy,Florence,"NoInfo
",68
2140771,42.8333,42.8333,12.8333,12.8333,1600,1481,-119,Italy,Italy,NoInfo,"NoInfo
",69
2140771,42.8333,43.7793,12.8333,11.2463,1600,1501,-99,Italy,Italy,NoInfo,"Florence
",70
2140771,43.7793,41.8919,11.2463,12.5113,1600,1754,154,Italy,Italy,Florence,"Rome
",71
2140771,41.8919,41.8919,12.5113,12.5113,1883,1883,0,Italy,Italy,Rome,"Rome
",72
2141568,43.7793,42.8333,11.2463,12.8333,1481,1481,0,Italy,Italy,Florence,"NoInfo
",73
2141568,42.8333,42.8333,12.8333,12.8333,1500,1481,-19,Italy,Italy,NoInfo,"NoInfo
",74
2141568,42.8333,43.7793,12.8333,11.2463,1600,1481,-119,Italy,Italy,NoInfo,"Florence
",75
2141568,43.7793,43.7793,11.2463,11.2463,1529,1794,265,Italy,Italy,Florence,"Florence
",76
2141568,43.7793,43.7793,11.2463,11.2463,1845,1805,-40,Italy,Italy,Florence,"Florence
",77
2141568,43.7793,43.7793,11.2463,11.2463,1868,1824,-44,Italy,Italy,Florence,"Florence
",78
2141568,43.7793,42.8333,11.2463,12.8333,1903,1949,46,Italy,Italy,Florence,"NoInfo
",79
2141271,43.7793,45.4643,11.2463,9.18951,1481,1481,0,Italy,Italy,Florence,"Milan
",80
2141271,45.4643,34.0522,9.18951,-118.244,1501,1963,462,Italy,United States,Milan,"Los Angeles
",81
2141268,43.7793,42.8333,11.2463,12.8333,1481,1481,0,Italy,Italy,Florence,"NoInfo
",82
2141268,42.8333,40.7143,12.8333,-74.006,1600,1921,321,Italy,United States,NoInfo,"New York
",83
2141268,40.7143,42.712,-74.006,-73.2037,1936,1923,-13,United States,United States,New York,"Williamstown
",84
2141017,43.7793,42.8333,11.2463,12.8333,1481,1601,120,Italy,Italy,Florence,"NoInfo
",85
2141017,42.8333,43.5443,12.8333,10.3261,1800,1711,-89,Italy,Italy,NoInfo,"Livorno
",86
2141017,43.5443,43.7793,10.3261,11.2463,1792,1792,0,Italy,Italy,Livorno,"Florence
",87
2141017,43.7793,43.7793,11.2463,11.2463,1810,1810,0,Italy,Italy,Florence,"Florence
",88
2141530,43.7793,42.8333,11.2463,12.8333,1481,1481,0,Italy,Italy,Florence,"NoInfo
",89
2141530,42.8333,45.4371,12.8333,12.3327,1500,1481,-19,Italy,Italy,NoInfo,"Venice
",90
2141530,45.4371,45.4371,12.3327,12.3327,1806,1807,1,Italy,Italy,Venice,"Venice
",91
2141555,43.7793,35.6854,11.2463,139.753,1481,1501,20,Italy,Japan,Florence,"NoInfo
",92
2141555,35.6854,-14.6048,139.753,-57.6562,1600,1850,250,Japan,United States,NoInfo,"NoInfo
",93
2141555,-14.6048,40.1106,-57.6562,-88.2073,1950,1965,15,United States,United States,NoInfo,"Urbana
",94
2140612,43.7793,42.8333,11.2463,12.8333,1481,1481,0,Italy,Italy,Florence,"NoInfo
",95
2140612,42.8333,50.8504,12.8333,4.34878,1600,1481,-119,Italy,Belgium,NoInfo,"Brussels
",96
2140613,43.7793,42.8333,11.2463,12.8333,1481,1481,0,Italy,Italy,Florence,"NoInfo
",97
2140613,42.8333,42.8333,12.8333,12.8333,1600,1501,-99,Italy,NoInfo,NoInfo,"NoInfo
",98
2140613,42.8333,41.8919,12.8333,12.5113,1700,1570,-130,NoInfo,Italy,NoInfo,"Rome
",99
2140613,41.8919,40.9115,12.5113,-73.7823,1630,1920,290,Italy,United States,Rome,"New Rochelle
",100
2140613,40.9115,50.8504,-73.7823,4.34878,1961,1963,2,United States,Belgium,New Rochelle,"Brussels
",101
2141605,43.7793,42.8333,11.2463,12.8333,1481,1481,0,Italy,Italy,Florence,"NoInfo
",102
2141605,42.8333,59.9386,12.8333,30.3141,1600,1795,195,Italy,Russia,NoInfo,"St Petersburg
",103
2141250,43.7793,43.7793,11.2463,11.2463,1481,1512,31,Italy,Italy,Florence,"Florence
",104
2141250,43.7793,43.4738,11.2463,11.0297,1561,1530,-31,Italy,Italy,Florence,"San Gimignano
",105
2141250,43.4738,51.5085,11.0297,-0.12574,1530,1766,236,Italy,United Kingdom,San Gimignano,"London
",106
2141250,51.5085,52.373,-0.12574,4.89856,1827,1981,154,United Kingdom,Netherlands,London,"Gemeente Amsterdam
",107
2007303,43.7793,42.8333,11.2463,12.8333,1481,1481,0,Italy,Italy,Florence,"NoInfo
",108
2007303,42.8333,42.8333,12.8333,12.8333,1481,1501,20,Italy,Italy,NoInfo,"NoInfo
",109
2007303,42.8333,42.8333,12.8333,12.8333,1481,1501,20,Italy,Italy,NoInfo,"NoInfo
",110
2007303,42.8333,45.4642,12.8333,9.19199,1700,1801,101,Italy,Italy,NoInfo,"Milan
",111
2007303,45.4642,45.4642,9.19199,9.19199,1700,1801,101,Italy,Italy,Milan,"Milan
",112
2007303,45.4642,45.4642,9.19199,9.19199,1700,1901,201,Italy,Italy,Milan,"Milan
",113
2007303,45.4642,42.8333,9.19199,12.8333,1700,1901,201,Italy,Italy,Milan,"NoInfo
",114
2141203,43.7793,41.824,11.2463,-71.4128,1481,1907,426,Italy,United States,Florence,"Providence
",115
2141203,41.824,41.824,-71.4128,-71.4128,1948,1948,0,United States,United States,Providence,"Providence
",116
2140668,43.7793,53.5507,11.2463,9.99302,1481,1481,0,Italy,Germany,Florence,"Hamburg
",117
2140701,43.7793,43.7793,11.2463,11.2463,1481,1501,20,Italy,Italy,Florence,"Florence
",118
2140701,43.7793,43.7793,11.2463,11.2463,1600,1714,114,Italy,Italy,Florence,"Florence
",119
2140701,43.7793,43.7793,11.2463,11.2463,1861,1861,0,Italy,Italy,Florence,"Florence
",120
2141556,43.7793,43.7793,11.2463,11.2463,1481,1899,418,Italy,Italy,Florence,"Florence
",121
2141556,43.7793,43.3085,11.2463,13.3104,1899,1899,0,Italy,Italy,Florence,"Treia
",122
2141556,43.3085,41.7031,13.3104,-86.2392,1902,1902,0,Italy,United States,Treia,"University of Notre Dame
",123
2140623,43.7793,48.691,11.2463,9.14062,1481,1481,0,Italy,NoInfo,Florence,"Europe
",124
2140623,48.691,42.8333,9.14062,12.8333,1481,1659,178,NoInfo,Italy,Europe,"NoInfo
",125
2140623,42.8333,44.0551,12.8333,5.04813,1660,1683,23,Italy,France,NoInfo,"Carpentras
",126
2140623,44.0551,44.0551,5.04813,5.04813,1757,1757,0,France,France,Carpentras,"Carpentras
",127
2141180,43.7793,43.7793,11.2463,11.2463,1481,1801,320,Italy,NoInfo,Florence,"NoInfo
",128
2141180,43.7793,43.7793,11.2463,11.2463,2000,1850,-150,NoInfo,NoInfo,NoInfo,"NoInfo
",129
2141180,43.7793,54.7584,11.2463,-2.69531,1950,1896,-54,NoInfo,United Kingdom,NoInfo,"NoInfo
",130
2141180,54.7584,51.5085,-2.69531,-0.12574,1921,1921,0,United Kingdom,United Kingdom,NoInfo,"London
",131
2141614,43.7793,42.8333,11.2463,12.8333,1481,1481,0,Italy,Italy,Florence,"NoInfo
",132
2141614,42.8333,42.2626,12.8333,-71.8023,1600,1880,280,Italy,United States,NoInfo,"Worcester
",133
2141614,42.2626,42.2584,-71.8023,-72.5745,1929,1880,-49,United States,United States,Worcester,"South Hadley
",134
2141614,42.2584,42.2584,-72.5745,-72.5745,1974,1974,0,United States,United States,South Hadley,"South Hadley
",135
2141350,43.7793,54.7584,11.2463,-2.69531,1481,1701,220,Italy,United Kingdom,Florence,"NoInfo
",136
2141350,54.7584,51.85,-2.69531,-1.36667,1800,1717,-83,United Kingdom,United Kingdom,NoInfo,"Blenheim Palace
",137
2141350,51.85,52.2,-1.36667,0.11667,1804,1804,0,United Kingdom,United Kingdom,Blenheim Palace,"Cambridge
",138
2140616,43.7793,55.6759,11.2463,12.5655,1481,1703,222,Italy,Denmark,Florence,"Copenhagen
",139
2140616,55.6759,55.6759,12.5655,12.5655,1785,1792,7,Denmark,Denmark,Copenhagen,"Copenhagen
",140
2141622,43.7793,42.8333,11.2463,12.8333,1481,1481,0,Italy,Italy,Florence,"NoInfo
",141
2141622,42.8333,43.7793,12.8333,11.2463,1481,1897,416,Italy,Italy,NoInfo,"Florence
",142
2141622,43.7793,39.2904,11.2463,-76.6122,1910,1910,0,Italy,United States,Florence,"Baltimore
",143
2141622,39.2904,39.2904,-76.6122,-76.6122,1931,1931,0,United States,United States,Baltimore,"Baltimore
",144
2141620,43.7793,43.7793,11.2463,11.2463,1481,1897,416,Italy,Italy,Florence,"Florence
",145
2141620,43.7793,39.2904,11.2463,-76.6122,1910,1910,0,Italy,United States,Florence,"Baltimore
",146
2141620,39.2904,39.2904,-76.6122,-76.6122,1931,1931,0,United States,United States,Baltimore,"Baltimore
",147
2141625,43.7793,40.8522,11.2463,14.2681,1481,1736,255,Italy,Italy,Florence,"Naples
",148
2141627,43.7793,48.691,11.2463,9.14062,1481,1481,0,Italy,NoInfo,Florence,"Europe
",149
2141627,48.691,48.691,9.14062,9.14062,1600,1601,1,NoInfo,NoInfo,Europe,"NoInfo
",150
2141627,48.691,48.1374,9.14062,11.5755,1700,1880,180,NoInfo,Germany,NoInfo,"Munich
",151
2141627,48.1374,41.9027,11.5755,12.4541,1979,1979,0,Germany,Vatican City,Munich,"NoInfo
",152
2141433,43.7793,42.8333,11.2463,12.8333,1481,1481,0,Italy,Italy,Florence,"NoInfo
",153
2141433,42.8333,42.8333,12.8333,12.8333,1500,1481,-19,Italy,Italy,NoInfo,"NoInfo
",154
2141433,42.8333,42.8333,12.8333,12.8333,1600,1501,-99,Italy,NoInfo,NoInfo,"NoInfo
",155
2141433,42.8333,41.8919,12.8333,12.5113,1600,1501,-99,NoInfo,Italy,NoInfo,"Rome
",156
2141433,41.8919,41.9022,12.5113,12.4533,1923,1923,0,Italy,Vatican City,Rome,"Vatican City
",157
2141428,43.7793,42.8333,11.2463,12.8333,1481,1481,0,Italy,Italy,Florence,"NoInfo
",158
2141428,42.8333,41.9027,12.8333,12.4541,1600,1877,277,Italy,Vatican City,NoInfo,"NoInfo
",159
2141428,41.9027,41.9022,12.4541,12.4533,1921,1877,-44,Vatican City,Vatican City,NoInfo,"Vatican City
",160
2140745,43.7793,42.8333,11.2463,12.8333,1481,1481,0,Italy,Italy,Florence,"NoInfo
",161
2140745,42.8333,42.8333,12.8333,12.8333,1600,1801,201,Italy,NoInfo,NoInfo,"NoInfo
",162
2140745,42.8333,40.8522,12.8333,14.2681,1900,1804,-96,NoInfo,Italy,NoInfo,"Naples
",163
2141554,43.7793,42.8333,11.2463,12.8333,1481,1481,0,Italy,Italy,Florence,"Italy
",164
2141554,42.8333,43.7793,12.8333,11.2463,1500,1501,1,Italy,Italy,Italy,"Florence
",165
2141554,43.7793,52.8619,11.2463,-3.05497,1600,1806,206,Italy,United Kingdom,Florence,"Oswestry
",166
2141554,52.8619,40.3487,-3.05497,-74.659,1843,1900,57,United Kingdom,United States,Oswestry,"Princeton
",167
2141554,40.3487,40.3487,-74.659,-74.659,1955,1955,0,United States,United States,Princeton,"Princeton
",168
2141630,43.7793,43.7793,11.2463,11.2463,1481,1501,20,Italy,NoInfo,Florence,"NoInfo
",169
2141630,43.7793,43.9145,11.2463,-69.9653,1600,1870,270,NoInfo,United States,NoInfo,"Brunswick
",170
2141630,43.9145,43.9145,-69.9653,-69.9653,1915,1970,55,United States,United States,Brunswick,"Brunswick
",171
2140711,43.7793,42.8333,11.2463,12.8333,1481,1481,0,Italy,Italy,Florence,"NoInfo
",172
2140711,42.8333,43.7793,12.8333,11.2463,1600,1826,226,Italy,Italy,NoInfo,"Florence
",173
2140711,43.7793,43.7793,11.2463,11.2463,1834,1850,16,Italy,Italy,Florence,"Florence
",174
2141037,43.7793,42.8333,11.2463,12.8333,1481,1481,0,Italy,Italy,Florence,"NoInfo
",175
2141037,42.8333,43.7793,12.8333,11.2463,1500,1849,349,Italy,Italy,NoInfo,"Florence
",176
2141037,43.7793,43.7793,11.2463,11.2463,1874,1874,0,Italy,Italy,Florence,"Florence
",177
2141037,43.7793,43.7793,11.2463,11.2463,1905,1907,2,Italy,Italy,Florence,"Florence
",178
2126770,43.7793,43.7793,11.2463,11.2463,1481,1481,0,Italy,NoInfo,Florence,"NoInfo
",179
2126770,43.7793,43.7793,11.2463,11.2463,1500,1481,-19,NoInfo,NoInfo,NoInfo,"NoInfo
",180
2126770,43.7793,43.7793,11.2463,11.2463,1500,1481,-19,NoInfo,NoInfo,NoInfo,"NoInfo
",181
2126770,43.7793,43.7793,11.2463,11.2463,1500,1500,0,NoInfo,NoInfo,NoInfo,"NoInfo
",182
2126770,43.7793,51.5085,11.2463,-0.12574,1560,1791,231,NoInfo,United Kingdom,NoInfo,"London
",183
2126770,51.5085,52.0769,-0.12574,-1.24167,1791,1791,0,United Kingdom,United Kingdom,London,"Thenford
",184
2126770,52.0769,51.5085,-1.24167,-0.12574,1816,1816,0,United Kingdom,United Kingdom,Thenford,"London
",185
2126770,51.5085,52.0769,-0.12574,-1.24167,1824,1824,0,United Kingdom,United Kingdom,London,"Thenford
",186
2126770,52.0769,52.0769,-1.24167,-1.24167,1846,1846,0,United Kingdom,United Kingdom,Thenford,"Thenford
",187
2126770,52.0769,40.7143,-1.24167,-74.006,1886,1886,0,United Kingdom,United States,Thenford,"New York
",188
2126770,40.7143,42.8333,-74.006,12.8333,1886,1886,0,United States,Italy,New York,"NoInfo
",189
2126770,42.8333,42.8333,12.8333,12.8333,1904,1904,0,Italy,Italy,NoInfo,"NoInfo
",190
2126770,42.8333,44.4134,12.8333,12.2012,1905,1905,0,Italy,Italy,NoInfo,"Ravenna
",191
2140741,43.7793,43.7793,11.2463,11.2463,1481,1562,81,Italy,Italy,Florence,"Florence
",192
2140741,43.7793,43.7793,11.2463,11.2463,1562,1701,139,Italy,NoInfo,Florence,"NoInfo
",193
2140741,43.7793,40.8522,11.2463,14.2681,1800,1804,4,NoInfo,Italy,NoInfo,"Naples
",194
2141490,43.7793,43.7793,11.2463,11.2463,1481,1501,20,Italy,NoInfo,Florence,"NoInfo
",195
2141490,43.7793,43.7793,11.2463,11.2463,1600,1501,-99,NoInfo,NoInfo,NoInfo,"NoInfo
",196
2141490,43.7793,41.9027,11.2463,12.4541,1600,1501,-99,NoInfo,Vatican City,NoInfo,"NoInfo
",197
2141490,41.9027,38.8951,12.4541,-77.0364,1930,1932,2,Vatican City,United States,NoInfo,"Washington
",198
2141263,43.7793,42.8333,11.2463,12.8333,1481,1481,0,Italy,Italy,Florence,"NoInfo
",199
2141263,42.8333,51.5085,12.8333,-0.12574,1700,1810,110,Italy,United Kingdom,NoInfo,"London
",200
2141263,51.5085,54.7584,-0.12574,-2.69531,1843,1845,2,United Kingdom,United Kingdom,London,"NoInfo
",201
2141263,54.7584,54.7584,-2.69531,-2.69531,1845,1845,0,United Kingdom,United Kingdom,NoInfo,"NoInfo
",202
2141263,54.7584,51.5085,-2.69531,-0.12574,1868,1868,0,United Kingdom,United Kingdom,NoInfo,"London
",203
2141263,51.5085,42.3584,-0.12574,-71.0598,1875,1875,0,United Kingdom,United States,London,"Boston
",204
2141263,42.3584,42.3751,-71.0598,-71.1056,1919,1919,0,United States,United States,Boston,"Cambridge
",205
2141270,43.7793,43.7793,11.2463,11.2463,1481,1701,220,Italy,NoInfo,Florence,"NoInfo
",206
2141270,43.7793,39.1271,11.2463,-84.5144,1800,1820,20,NoInfo,United States,NoInfo,"Cincinnati
",207
2141270,39.1271,41.85,-84.5144,-87.65,1890,1890,0,United States,United States,Cincinnati,"Chicago
",208
2140994,43.7793,48.8534,11.2463,2.3488,1481,1731,250,Italy,France,Florence,"Paris
",209
2140994,48.8534,53.5507,2.3488,9.99302,1788,1731,-57,France,Germany,Paris,"Hamburg
",210
2140994,53.5507,53.5507,9.99302,9.99302,1863,1863,0,Germany,Germany,Hamburg,"Hamburg
",211
2141186,43.7793,42.8333,11.2463,12.8333,1481,1481,0,Italy,Italy,Florence,"NoInfo
",212
2141186,42.8333,43.7793,12.8333,11.2463,1500,1481,-19,Italy,Italy,NoInfo,"Florence
",213
2141186,43.7793,42.8333,11.2463,12.8333,1500,1501,1,Italy,Italy,Florence,"NoInfo
",214
2141186,42.8333,52.2811,12.8333,-1.00095,1600,1807,207,Italy,United Kingdom,NoInfo,"Althorp
",215
2141186,52.2811,52.2811,-1.00095,-1.00095,1834,1835,1,United Kingdom,NoInfo,Althorp,"
",216
2141186,52.2811,53.4809,-1.00095,-2.23743,1892,1892,0,NoInfo,United Kingdom,,"Manchester
",217
2141186,53.4809,53.4809,-2.23743,-2.23743,1892,1892,0,United Kingdom,United Kingdom,Manchester,"Manchester
",218
2141489,43.7793,51.5085,11.2463,-0.12574,1481,1860,379,Italy,United Kingdom,Florence,"London
",219
2141489,51.5085,40.7143,-0.12574,-74.006,1927,1860,-67,United Kingdom,United States,London,"New York
",220
2141489,40.7143,40.0959,-74.006,-75.1252,1935,1935,0,United States,United States,New York,"Jenkintown
",221
2141489,40.0959,38.8951,-75.1252,-77.0364,1943,1943,0,United States,United States,Jenkintown,"Washington
",222
2140943,43.7793,50.6337,11.2463,5.56749,1481,1817,336,Italy,Belgium,Florence,"Li�ge
",223
2140632,43.7793,42.8333,11.2463,12.8333,1481,1500,19,Italy,Italy,Florence,"NoInfo
",224
2140632,42.8333,41.8919,12.8333,12.5113,1481,1733,252,Italy,Italy,NoInfo,"Rome
",225
2140632,41.8919,48.8534,12.5113,2.3488,1783,1788,5,Italy,France,Rome,"Paris
",226
2140632,48.8534,48.8534,2.3488,2.3488,1792,1792,0,France,France,Paris,"Paris
",227
2141738,43.7793,48.8534,11.2463,2.3488,1481,1481,0,Italy,France,Florence,"Paris
",228
2141738,48.8534,48.8534,2.3488,2.3488,1838,1838,0,France,France,Paris,"Paris
",229
2141738,48.8534,48.8534,2.3488,2.3488,1838,1838,0,France,France,Paris,"Paris
",230
2141737,43.7793,48.8534,11.2463,2.3488,1481,1481,0,Italy,France,Florence,"Paris
",231
2141737,48.8534,48.8534,2.3488,2.3488,1784,1784,0,France,France,Paris,"Paris
",232
2001008,43.7793,51.5085,11.2463,-0.12574,1481,1755,274,Italy,United Kingdom,Florence,"London
",233
2001008,51.5085,51.5085,-0.12574,-0.12574,1846,1847,1,United Kingdom,United Kingdom,London,"London
",234
2141599,43.7793,43.7793,11.2463,11.2463,1481,1501,20,Italy,NoInfo,Florence,"NoInfo
",235
2141599,43.7793,52.5244,11.2463,13.4105,1600,1800,200,NoInfo,Germany,NoInfo,"Berlin
",236
2141599,52.5244,52.5244,13.4105,13.4105,1846,1850,4,Germany,Germany,Berlin,"Berlin
",237
2141629,43.7793,43.7793,11.2463,11.2463,1481,1501,20,Italy,NoInfo,Florence,"NoInfo
",238
2141629,43.7793,52.5244,11.2463,13.4105,1600,1880,280,NoInfo,Germany,NoInfo,"Berlin
",239
2141629,52.5244,52.5244,13.4105,13.4105,1904,1906,2,Germany,Germany,Berlin,"Berlin
",240
2141643,43.7793,43.7793,11.2463,11.2463,1481,1833,352,Italy,NoInfo,Florence,"NoInfo
",241
2141643,43.7793,46.2167,11.2463,6.18041,1861,1951,90,NoInfo,Switzerland,NoInfo,"Cologny
",242
2140783,43.7793,42.8333,11.2463,12.8333,1481,1481,0,Italy,Italy,Florence,"NoInfo
",243
2140783,42.8333,43.3182,12.8333,11.3306,1600,1758,158,Italy,Italy,NoInfo,"Siena
",244
2141600,43.7793,51.0509,11.2463,13.7383,1481,1853,372,Italy,Germany,Florence,"Dresden
",245
2141600,51.0509,51.0509,13.7383,13.7383,1865,1853,-12,Germany,Germany,Dresden,"Dresden
",246
2141601,43.7793,51.0509,11.2463,13.7383,1481,1481,0,Italy,Germany,Florence,"Dresden
",247
2140795,43.7793,42.8333,11.2463,12.8333,1481,1501,20,Italy,Italy,Florence,"NoInfo
",248
2140795,42.8333,45.532,12.8333,12.1869,1700,1701,1,Italy,Italy,NoInfo,"Trivignano
",249
2140795,45.532,45.6667,12.1869,12.2416,1800,1737,-63,Italy,Italy,Trivignano,"Treviso
",250
2140795,45.6667,45.6667,12.2416,12.2416,1810,1810,0,Italy,Italy,Treviso,"Treviso
",251
2140630,43.7793,45.4389,11.2463,12.3309,1481,1481,0,Italy,Italy,Florence,"Venice
",252
2140630,45.4389,45.4389,12.3309,12.3309,1519,1519,0,Italy,Italy,Venice,"Venice
",253
2140630,45.4389,48.8534,12.3309,2.3488,1547,1801,254,Italy,France,Venice,"Paris
",254
2141192,43.7793,42.8333,11.2463,12.8333,1481,1481,0,Italy,Italy,Florence,"NoInfo
",255
2141192,42.8333,42.8333,12.8333,12.8333,1500,1550,50,Italy,Italy,NoInfo,"Italy
",256
2141192,42.8333,42.3584,12.8333,-71.0598,1650,1939,289,Italy,United States,Italy,"Boston
",257
2141192,42.3584,42.3751,-71.0598,-71.1056,1939,1939,0,United States,United States,Boston,"Cambridge
",258
2141192,42.3751,42.3751,-71.1056,-71.1056,1943,1943,0,United States,United States,Cambridge,"Cambridge
",259
2141192,42.3751,42.3584,-71.1056,-71.0598,1943,1943,0,United States,United States,Cambridge,"Boston
",260
2140648,43.7793,43.7793,11.2463,11.2463,1481,1481,0,Italy,Italy,Florence,"Florence
",261
2140648,43.7793,43.7793,11.2463,11.2463,1501,1500,-1,Italy,NoInfo,Florence,"NoInfo
",262
2140648,43.7793,41.8919,11.2463,12.5113,1700,1717,17,NoInfo,Italy,NoInfo,"Rome
",263
2140648,41.8919,48.8534,12.5113,2.3488,1799,1717,-82,Italy,France,Rome,"Paris
",264
2141739,43.7793,43.297,11.2463,5.38107,1481,1766,285,Italy,France,Florence,"Marseille
",265
2141739,43.297,48.8534,5.38107,2.3488,1778,1781,3,France,France,Marseille,"Paris
",266
2141717,43.7793,48.2085,11.2463,16.3721,1481,1776,295,Italy,Austria,Florence,"Vienna
",267
2141004,43.7793,47.2488,11.2463,6.01815,1481,1753,272,Italy,France,Florence,"Besan�on
",268
2141004,47.2488,47.2488,6.01815,6.01815,1826,1826,0,France,France,Besan�on,"Besan�on
",269
2144949,43.7793,42.8333,11.2463,12.8333,1481,1550,69,Italy,Italy,Florence,"NoInfo
",270
2144949,42.8333,46,12.8333,2,1650,1908,258,Italy,France,NoInfo,"NoInfo
",271
2144949,46,40.7143,2,-74.006,1908,1908,0,France,United States,NoInfo,"New York
",272
2144949,40.7143,40.7143,-74.006,-74.006,1944,1922,-22,United States,United States,New York,"New York
",273
2141557,43.7793,43.7793,11.2463,11.2463,1481,1695,214,Italy,Italy,Florence,"Florence
",274
2141557,43.7793,43.7793,11.2463,11.2463,1758,1749,-9,Italy,Italy,Florence,"Florence
",275
2141557,43.7793,43.7793,11.2463,11.2463,1803,1801,-2,Italy,NoInfo,Florence,"NoInfo
",276
2141557,43.7793,52.0389,11.2463,0.73117,1900,1825,-75,NoInfo,United Kingdom,NoInfo,"Sudbury
",277
2141557,52.0389,51.5085,0.73117,-0.12574,1866,1866,0,United Kingdom,United Kingdom,Sudbury,"London
",278
2141557,51.5085,51.4741,-0.12574,-0.91212,1919,1875,-44,United Kingdom,United Kingdom,London,"Sonning
",279
2141557,51.4741,41.5623,-0.91212,-72.6507,1937,1875,-62,United Kingdom,United States,Sonning,"Middletown
",280
2144952,43.7793,48.8534,11.2463,2.3488,1481,1844,363,Italy,France,Florence,"Paris
",281
2144952,48.8534,41.8919,2.3488,12.5113,1884,2007,123,France,Italy,Paris,"Rome
",282
2144952,41.8919,45.4643,12.5113,9.18951,1884,2007,123,Italy,Italy,Rome,"Milan
",283
2141558,43.7793,41.3082,11.2463,-72.9282,1481,1963,482,Italy,United States,Florence,"New Haven
",284
2141439,43.7793,42.4406,11.2463,-76.4966,1481,1865,384,Italy,United States,Florence,"Ithaca
",285
2141267,43.7793,34.0967,11.2463,-117.72,1481,1927,446,Italy,United States,Florence,"Claremont
",286
2141440,43.7793,39.1653,11.2463,-86.5264,1481,1960,479,Italy,United States,Florence,"Bloomington
",287
2001009,43.7793,42.8333,11.2463,12.8333,1481,1475,-6,Italy,Italy,Florence,"NoInfo
",288
2001009,42.8333,42.8333,12.8333,12.8333,1525,1750,225,Italy,Italy,NoInfo,"NoInfo
",289
2001009,42.8333,51.5085,12.8333,-0.12574,1825,1842,17,Italy,United Kingdom,NoInfo,"London
",290
2140856,43.7793,43.7793,11.2463,11.2463,1481,1550,69,Italy,Italy,Florence,"Florence
",291
2140856,43.7793,51.5085,11.2463,-0.12574,1605,1650,45,Italy,United Kingdom,Florence,"London
",292
2140856,51.5085,51.5085,-0.12574,-0.12574,1757,1757,0,United Kingdom,United Kingdom,London,"London
",293
2140784,43.7793,42.8333,11.2463,12.8333,1481,1481,0,Italy,Italy,Florence,"NoInfo
",294
2140784,42.8333,43.7793,12.8333,11.2463,1500,1614,114,Italy,Italy,NoInfo,"Florence
",295
2140784,43.7793,43.3182,11.2463,11.3306,1500,1758,258,Italy,Italy,Florence,"Siena
",296
2142781,43.7793,43.7793,11.2463,11.2463,1481,1812,331,Italy,Italy,Florence,"Florence
",297
2142781,43.7793,51.0509,11.2463,13.7383,1829,1840,11,Italy,Germany,Florence,"Dresden
",298
2142781,51.0509,51.0509,13.7383,13.7383,1920,1920,0,Germany,Germany,Dresden,"Dresden
",299
2142781,51.0509,51.0509,13.7383,13.7383,1938,1938,0,Germany,Germany,Dresden,"Dresden
",300
2142781,51.0509,55.7522,13.7383,37.6156,1945,1945,0,Germany,Russia,Dresden,"Moscow
",301
2141086,43.7793,42.8333,11.2463,12.8333,1481,1481,0,Italy,Italy,Florence,"NoInfo
",302
2141086,42.8333,42.8333,12.8333,12.8333,1600,1481,-119,Italy,Italy,NoInfo,"NoInfo
",303
2141086,42.8333,42.8333,12.8333,12.8333,1600,1601,1,Italy,Italy,NoInfo,"NoInfo
",304
2141086,42.8333,48.1374,12.8333,11.5755,1700,1800,100,Italy,Germany,NoInfo,"Munich
",305
2141086,48.1374,45.4469,11.5755,8.62118,1830,1800,-30,Germany,Italy,Munich,"Novara
",306
2141086,45.4469,45.4469,8.62118,8.62118,1896,1896,0,Italy,Italy,Novara,"Novara
",307
2141148,43.7793,48.691,11.2463,9.14062,1481,1501,20,Italy,NoInfo,Florence,"Europe
",308
2141148,48.691,35.6854,9.14062,139.753,1600,1701,101,NoInfo,Japan,Europe,"NoInfo
",309
2141148,35.6854,35.6854,139.753,139.753,1800,1701,-99,Japan,Japan,NoInfo,"NoInfo
",310
2141148,35.6854,53.2266,139.753,-1.62576,1800,1811,11,Japan,United Kingdom,NoInfo,"Edensor
",311
2141148,53.2266,53.2167,-1.62576,-1.6,1844,1844,0,United Kingdom,United Kingdom,Edensor,"Chatsworth House
",312
2141598,43.7793,48.1374,11.2463,11.5755,1481,1481,0,Italy,Germany,Florence,"Munich
",313
2141603,43.7793,42.8333,11.2463,12.8333,1481,1481,0,Italy,Italy,Florence,"NoInfo
",314
2141603,42.8333,35.6854,12.8333,139.753,1600,1701,101,Italy,Japan,NoInfo,"NoInfo
",315
2141603,35.6854,35.6854,139.753,139.753,1800,1950,150,Japan,NoInfo,NoInfo,"NoInfo
",316
2141603,35.6854,45.0705,139.753,7.68682,1980,1950,-30,NoInfo,Italy,NoInfo,"Turin
",317
2141603,45.0705,46.2022,7.68682,6.14569,2013,2013,0,Italy,Switzerland,Turin,"Geneva
",318
2141143,43.7793,42.8333,11.2463,12.8333,1481,1481,0,Italy,Italy,Florence,"NoInfo
",319
2141143,42.8333,54.7584,12.8333,-2.69531,1500,1813,313,Italy,United Kingdom,NoInfo,"NoInfo
",320
2141143,54.7584,51.5085,-2.69531,-0.12574,1857,1857,0,United Kingdom,United Kingdom,NoInfo,"London
",321
2141143,51.5085,51.5085,-0.12574,-0.12574,1857,1860,3,United Kingdom,United Kingdom,London,"London
",322
2141143,51.5085,51.5085,-0.12574,-0.12574,1860,1862,2,United Kingdom,United Kingdom,London,"London
",323
2141143,51.5085,50.1678,-0.12574,-5.32303,1862,1862,0,United Kingdom,United Kingdom,London,"Crowan
",324
2141143,50.1678,52.2,-5.32303,0.11667,1863,1863,0,United Kingdom,United Kingdom,Crowan,"Cambridge
",325
2140676,43.7793,42.8333,11.2463,12.8333,1481,1481,0,Italy,Italy,Florence,"NoInfo
",326
2140676,42.8333,42.8333,12.8333,12.8333,1600,1481,-119,Italy,Italy,NoInfo,"NoInfo
",327
2140676,42.8333,42.8333,12.8333,12.8333,1600,1501,-99,Italy,Italy,NoInfo,"NoInfo
",328
2140676,42.8333,42.8333,12.8333,12.8333,1600,1501,-99,Italy,Italy,NoInfo,"NoInfo
",329
2140676,42.8333,42.8333,12.8333,12.8333,1600,1501,-99,Italy,Italy,NoInfo,"NoInfo
",330
2140676,42.8333,43.7793,12.8333,11.2463,1600,1510,-90,Italy,Italy,NoInfo,"Florence
",331
2140676,43.7793,43.7793,11.2463,11.2463,1537,1540,3,Italy,Italy,Florence,"Florence
",332
2140676,43.7793,43.7793,11.2463,11.2463,1599,1593,-6,Italy,Italy,Florence,"Florence
",333
2140676,43.7793,43.7793,11.2463,11.2463,1647,1620,-27,Italy,Italy,Florence,"Florence
",334
2140676,43.7793,48.6844,11.2463,6.18496,1620,1740,120,Italy,France,Florence,"Nancy
",335
2140676,48.6844,48.8973,6.18496,9.19161,1799,1740,-59,France,Germany,Nancy,"Ludwigsburg
",336
2140676,48.8973,48.7767,9.19161,9.1775,1799,1740,-59,Germany,Germany,Ludwigsburg,"Stuttgart
",337
2142772,43.7793,43.7793,11.2463,11.2463,1481,1501,20,Italy,NoInfo,Florence,"NoInfo
",338
2142772,43.7793,42.8333,11.2463,12.8333,1600,1668,68,NoInfo,Italy,NoInfo,"NoInfo
",339
2142772,42.8333,43.7793,12.8333,11.2463,1668,1701,33,Italy,Italy,NoInfo,"Florence
",340
2142772,43.7793,35.6854,11.2463,139.753,1800,1701,-99,Italy,Japan,Florence,"NoInfo
",341
2142772,35.6854,-22.9064,139.753,-43.1822,1800,1849,49,Japan,Brazil,NoInfo,"Rio de Janeiro
",342
2142772,-22.9064,-22.9064,-43.1822,-43.1822,1923,1928,5,Brazil,Brazil,Rio de Janeiro,"Rio de Janeiro
",343
2001010,43.7793,54.7584,11.2463,-2.69531,1481,1700,219,Italy,United Kingdom,Florence,"NoInfo
",344
2001010,54.7584,51.5085,-2.69531,-0.12574,1800,1790,-10,United Kingdom,United Kingdom,NoInfo,"London
",345
2001010,51.5085,51.5085,-0.12574,-0.12574,1799,1799,0,United Kingdom,United Kingdom,London,"London
",346
2142777,43.7793,51.0509,11.2463,13.7383,1481,1556,75,Italy,Germany,Florence,"Dresden
",347
2142777,51.0509,55.7522,13.7383,37.6156,1945,1945,0,Germany,Russia,Dresden,"Moscow
",348
559810,43.7793,42.8333,11.2463,12.8333,1481,1481,0,Italy,Italy,Florence,"NoInfo
",349
559810,42.8333,51.4817,12.8333,-0.28749,1700,1728,28,Italy,United Kingdom,NoInfo,"Kew
",350
559810,51.4817,51.5085,-0.28749,-0.12574,1805,1805,0,United Kingdom,United Kingdom,Kew,"London
",351
559810,51.5085,54.7584,-0.12574,-2.69531,1835,1844,9,United Kingdom,United Kingdom,London,"NoInfo
",352
559810,54.7584,52.2,-2.69531,0.11667,1910,1910,0,United Kingdom,United Kingdom,NoInfo,"Cambridge
",353
2140828,43.7793,43.7793,11.2463,11.2463,1481,1481,0,Italy,NoInfo,Florence,"NoInfo
",354
2140828,43.7793,51.0509,11.2463,13.7383,1481,1819,338,NoInfo,Germany,NoInfo,"Dresden
",355
2140828,51.0509,51.3396,13.7383,12.3713,1886,1886,0,Germany,Germany,Dresden,"Leipzig
",356
2140828,51.3396,55.7522,12.3713,37.6156,1945,1945,0,Germany,Russia,Leipzig,"Moscow
",357
2140829,43.7793,59.9386,11.2463,30.3141,1481,1820,339,Italy,Russia,Florence,"St Petersburg
",358
2140829,59.9386,55.7522,30.3141,37.6156,1869,1869,0,Russia,Russia,St Petersburg,"Moscow
",359
2140829,55.7522,55.7522,37.6156,37.6156,1924,1924,0,Russia,Russia,Moscow,"Moscow
",360
2141491,43.7793,42.8333,11.2463,12.8333,1481,1481,0,Italy,Italy,Florence,"NoInfo
",361
2141491,42.8333,44.3259,12.8333,7.67431,1500,1650,150,Italy,Italy,NoInfo,"Chiusa di Pesio
",362
2141491,44.3259,51.5085,7.67431,-0.12574,1650,1841,191,Italy,United Kingdom,Chiusa di Pesio,"London
",363
2141491,51.5085,37.8044,-0.12574,-122.271,1883,1877,-6,United Kingdom,United States,London,"Oakland
",364
2141491,37.8044,37.8044,-122.271,-122.271,1948,1948,0,United States,United States,Oakland,"Oakland
",365
2142782,43.7793,51.5085,11.2463,-0.12574,1481,1835,354,Italy,United Kingdom,Florence,"London
",366
2142782,51.5085,51.5085,-0.12574,-0.12574,1845,1845,0,United Kingdom,United Kingdom,London,"London
",367
2141147,43.7793,43.7793,11.2463,11.2463,1481,1554,73,Italy,Italy,Florence,"Florence
",368
2141147,43.7793,51.5085,11.2463,-0.12574,1571,1645,74,Italy,United Kingdom,Florence,"London
",369
2141147,51.5085,52.2,-0.12574,0.11667,1645,1645,0,United Kingdom,United Kingdom,London,"Cambridge
",370
2140991,43.7793,42.8333,11.2463,12.8333,1481,1481,0,Italy,Italy,Florence,"NoInfo
",371
2140991,42.8333,40.8522,12.8333,14.2681,1600,1481,-119,Italy,Italy,NoInfo,"Naples
",372
2140991,40.8522,54.7584,14.2681,-2.69531,1600,1781,181,Italy,United Kingdom,Naples,"NoInfo
",373
2140991,54.7584,47.3948,-2.69531,0.70398,1833,1781,-52,United Kingdom,France,NoInfo,"Tours
",374
2140991,47.3948,47.3948,0.70398,0.70398,1972,1972,0,France,France,Tours,"Tours
",375
2138497,43.7793,43.7793,11.2463,11.2463,1481,1501,20,Italy,NoInfo,Florence,"NoInfo
",376
2138497,43.7793,52.0687,11.2463,4.28635,1600,1824,224,NoInfo,Netherlands,NoInfo,"Gemeente Den Haag
",377
2138497,52.0687,52.0687,4.28635,4.28635,1848,1824,-24,Netherlands,Netherlands,Gemeente Den Haag,"Gemeente Den Haag
",378
2129250,43.7793,42.8333,11.2463,12.8333,1481,1481,0,Italy,Italy,Florence,"NoInfo
",379
2129250,42.8333,54.7584,12.8333,-2.69531,1500,1800,300,Italy,United Kingdom,NoInfo,"NoInfo
",380
2129250,54.7584,51.5085,-2.69531,-0.12574,1848,1849,1,United Kingdom,United Kingdom,NoInfo,"London
",381
2129250,51.5085,51.3203,-0.12574,-1.54255,1878,1878,0,United Kingdom,United Kingdom,London,"Fosbury
",382
2129250,51.3203,51.5085,-1.54255,-0.12574,1910,1912,2,United Kingdom,United Kingdom,Fosbury,"London
",383
2129250,51.5085,51.5085,-0.12574,-0.12574,1912,1912,0,United Kingdom,United Kingdom,London,"London
",384
2129250,51.5085,34.1214,-0.12574,-118.106,1912,1918,6,United Kingdom,United States,London,"San Marino
",385
2129250,34.1214,34.1214,-118.106,-118.106,1927,1927,0,United States,United States,San Marino,"San Marino
",386
2141115,43.7793,43.7793,11.2463,11.2463,1481,1481,0,Italy,NoInfo,Florence,"NoInfo
",387
2141115,43.7793,49.8383,11.2463,24.0232,1481,1481,0,NoInfo,Ukraine,NoInfo,"Lviv
",388
2141115,49.8383,49.8383,24.0232,24.0232,1853,1853,0,Ukraine,Ukraine,Lviv,"Lviv
",389
2141115,49.8383,51.1,24.0232,17.0333,1946,1946,0,Ukraine,Poland,Lviv,"Wroclaw
",390
2013774,43.7793,43.7793,11.2463,11.2463,1481,1600,119,Italy,NoInfo,Florence,"NoInfo
",391
2013774,43.7793,43.7793,11.2463,11.2463,1800,1600,-200,NoInfo,NoInfo,NoInfo,"NoInfo
",392
2013774,43.7793,43.7793,11.2463,11.2463,1700,1800,100,NoInfo,NoInfo,NoInfo,"NoInfo
",393
2013774,43.7793,43.7793,11.2463,11.2463,1900,1481,-419,NoInfo,NoInfo,NoInfo,"NoInfo
",394
2013774,43.7793,51.5085,11.2463,-0.12574,1600,1800,200,NoInfo,United Kingdom,NoInfo,"London
",395
2013774,51.5085,51.5085,-0.12574,-0.12574,1820,1820,0,United Kingdom,United Kingdom,London,"London
",396
2013774,51.5085,51.5085,-0.12574,-0.12574,1853,1853,0,United Kingdom,United Kingdom,London,"London
",397
2013774,51.5085,40.3212,-0.12574,-79.3795,1882,1960,78,United Kingdom,United States,London,"Latrobe
",398
2013774,40.3212,40.7143,-79.3795,-74.006,1999,2000,1,United States,United States,Latrobe,"New York
",399
2013774,40.7143,51.5085,-74.006,-0.12574,2000,2015,15,United States,United Kingdom,New York,"London
",400
2013774,51.5085,37.9838,-0.12574,23.7278,2015,2015,0,United Kingdom,Greece,London,"Athens
",401
2013774,37.9838,37.9838,23.7278,23.7278,2015,2015,0,Greece,Greece,Athens,"Athens
",402
2016450,43.7793,45.5469,11.2463,13.7294,1481,1481,0,Italy,Slovenia,Florence,"Koper
",403
2016450,45.5469,42.8333,13.7294,12.8333,1488,1488,0,Slovenia,Italy,Koper,"NoInfo
",404
2016450,42.8333,43.7793,12.8333,11.2463,1525,1545,20,Italy,Italy,NoInfo,"Florence
",405
2016450,43.7793,45.4371,11.2463,12.3327,1625,1690,65,Italy,Italy,Florence,"Venice
",406
2016450,45.4371,45.4371,12.3327,12.3327,1750,1750,0,Italy,Italy,Venice,"Venice
",407
2016450,45.4371,45.4371,12.3327,12.3327,1810,1810,0,Italy,Italy,Venice,"Venice
",408
2128758,43.7793,42.8333,11.2463,12.8333,1481,1481,0,Italy,Italy,Florence,"Italy
",409
2128758,42.8333,42.8333,12.8333,12.8333,1500,1650,150,Italy,Italy,Italy,"Italy
",410
2128758,42.8333,40.7143,12.8333,-74.006,1750,1901,151,Italy,United States,Italy,"New York
",411
2128758,40.7143,40.7143,-74.006,-74.006,1907,1907,0,United States,United States,New York,"New York
",412
2128758,40.7143,42.2965,-74.006,-71.2926,1907,1907,0,United States,United States,New York,"Wellesley
",413
2140739,43.7793,42.8333,11.2463,12.8333,1481,1601,120,Italy,Italy,Florence,"NoInfo
",414
2140739,42.8333,42.8333,12.8333,12.8333,1700,1801,101,Italy,NoInfo,NoInfo,"NoInfo
",415
2140739,42.8333,44.6478,12.8333,10.9254,1900,1900,0,NoInfo,Italy,NoInfo,"Modena
",416
2140739,44.6478,44.6478,10.9254,10.9254,1970,1970,0,Italy,Italy,Modena,"Modena
",417
2141240,43.7793,42.8333,11.2463,12.8333,1481,1481,0,Italy,Italy,Florence,"NoInfo
",418
2141240,42.8333,42.8333,12.8333,12.8333,1600,1700,100,Italy,NoInfo,NoInfo,"NoInfo
",419
2141240,42.8333,55.8652,12.8333,-4.25763,1800,1700,-100,NoInfo,United Kingdom,NoInfo,"Glasgow
",420
2141240,55.8652,55.8652,-4.25763,-4.25763,1848,1848,0,United Kingdom,United Kingdom,Glasgow,"Glasgow
",421
2141240,55.8652,55.8652,-4.25763,-4.25763,1848,1874,26,United Kingdom,United Kingdom,Glasgow,"Glasgow
",422
2141240,55.8652,55.8652,-4.25763,-4.25763,1848,1874,26,United Kingdom,United Kingdom,Glasgow,"Glasgow
",423
2140723,43.7793,42.8333,11.2463,12.8333,1481,1501,20,Italy,Italy,Florence,"NoInfo
",424
2140723,42.8333,44.4048,12.8333,8.94439,1700,1852,152,Italy,Italy,NoInfo,"Genoa
",425
2140723,44.4048,44.4048,8.94439,8.94439,1935,1900,-35,Italy,Italy,Genoa,"Genoa
",426
2140988,43.7793,42.8333,11.2463,12.8333,1481,1481,0,Italy,Italy,Florence,"NoInfo
",427
2140988,42.8333,43.297,12.8333,5.38107,1500,1840,340,Italy,France,NoInfo,"Marseille
",428
2140988,43.297,48.8534,5.38107,2.3488,1886,1902,16,France,France,Marseille,"Paris
",429
2140750,43.7793,40.8522,11.2463,14.2681,1481,1812,331,Italy,Italy,Florence,"Naples
",430
2140750,40.8522,40.8522,14.2681,14.2681,1815,1816,1,Italy,Italy,Naples,"Naples
",431
2140752,43.7793,42.8333,11.2463,12.8333,1481,1481,0,Italy,Italy,Florence,"NoInfo
",432
2140752,42.8333,43.7085,12.8333,10.4036,1800,1481,-319,Italy,Italy,NoInfo,"Pisa
",433
2140752,43.7085,43.7085,10.4036,10.4036,1800,1742,-58,Italy,Italy,Pisa,"Pisa
",434
2140760,43.7793,43.7212,11.2463,11.7664,1481,1745,264,Italy,Italy,Florence,"Poppi
",435
2140760,43.7212,43.7212,11.7664,11.7664,1825,1825,0,Italy,Italy,Poppi,"Poppi
",436
2140687,43.7793,42.8333,11.2463,12.8333,1481,1481,0,Italy,Italy,Florence,"NoInfo
",437
2140687,42.8333,44.4667,12.8333,11.4333,1500,1712,212,Italy,Italy,NoInfo,"Bologna
",438
2117472,43.7793,42.8333,11.2463,12.8333,1481,1481,0,Italy,Italy,Florence,"NoInfo
",439
2117472,42.8333,48.2082,12.8333,16.3717,1600,1807,207,Italy,Austria,NoInfo,"Vienna
",440
2141109,43.7793,42.8333,11.2463,12.8333,1481,1481,0,Italy,Italy,Florence,"NoInfo
",441
2141109,42.8333,45.1921,12.8333,9.15917,1600,1754,154,Italy,Italy,NoInfo,"Pavia
",442
2141109,45.1921,45.1921,9.15917,9.15917,1835,1835,0,Italy,Italy,Pavia,"Pavia
",443
2141099,43.7793,42.8333,11.2463,12.8333,1481,1481,0,Italy,Italy,Florence,"NoInfo
",444
2141099,42.8333,43.7793,12.8333,11.2463,1600,1750,150,Italy,Italy,NoInfo,"Florence
",445
2141099,43.7793,43.7793,11.2463,11.2463,1791,1791,0,Italy,Italy,Florence,"Florence
",446
2141099,43.7793,45.4299,11.2463,10.9844,1803,1791,-12,Italy,Italy,Florence,"Verona
",447
2141099,45.4299,45.4299,10.9844,10.9844,1808,1821,13,Italy,Italy,Verona,"Verona
",448
2141102,43.7793,42.8333,11.2463,12.8333,1481,1481,0,Italy,Italy,Florence,"NoInfo
",449
2141102,42.8333,42.8333,12.8333,12.8333,1500,1501,1,Italy,NoInfo,NoInfo,"NoInfo
",450
2141102,42.8333,56.5977,12.8333,24.2076,1600,1834,234,NoInfo,Latvia,NoInfo,"Iecava
",451
2141102,56.5977,56.946,24.2076,24.1059,1908,1919,11,Latvia,Latvia,Iecava,"Riga
",452
2141016,43.7793,42.8333,11.2463,12.8333,1481,1481,0,Italy,Italy,Florence,"NoInfo
",453
2141016,42.8333,42.8333,12.8333,12.8333,1500,1501,1,Italy,Italy,NoInfo,"NoInfo
",454
2141016,42.8333,42.8333,12.8333,12.8333,1600,1481,-119,Italy,Italy,NoInfo,"NoInfo
",455
2141016,42.8333,43.6988,12.8333,11.8147,1600,1481,-119,Italy,Italy,NoInfo,"Bibbiena
",456
2141016,43.6988,43.6199,11.8147,11.4719,1985,1926,-59,Italy,Italy,Bibbiena,"Figline Valdarno
",457
2141110,43.7793,42.8333,11.2463,12.8333,1481,1481,0,Italy,Italy,Florence,"NoInfo
",458
2141110,42.8333,42.8333,12.8333,12.8333,1600,1481,-119,Italy,Italy,NoInfo,"NoInfo
",459
2141110,42.8333,42.8333,12.8333,12.8333,1600,1800,200,Italy,Italy,NoInfo,"NoInfo
",460
2141427,43.7793,42.8333,11.2463,12.8333,1481,1601,120,Italy,Italy,Florence,"NoInfo
",461
2141427,42.8333,41.9022,12.8333,12.4533,1700,1700,0,Italy,Vatican City,NoInfo,"Vatican City
",462
2141456,43.7793,42.8333,11.2463,12.8333,1481,1481,0,Italy,Italy,Florence,"NoInfo
",463
2141456,42.8333,42.8333,12.8333,12.8333,1600,1501,-99,Italy,Italy,NoInfo,"NoInfo
",464
2141456,42.8333,42.8333,12.8333,12.8333,1600,1719,119,Italy,NoInfo,NoInfo,"NoInfo
",465
2141456,42.8333,41.8919,12.8333,12.5113,1720,1913,193,NoInfo,Italy,NoInfo,"Rome
",466
2140731,43.7793,42.8333,11.2463,12.8333,1481,1481,0,Italy,Italy,Florence,"NoInfo
",467
2140731,42.8333,42.8333,12.8333,12.8333,1600,1481,-119,Italy,Italy,NoInfo,"NoInfo
",468
2140731,42.8333,44.3091,12.8333,8.47715,1600,1647,47,Italy,Italy,NoInfo,"Savona
",469
2140731,44.3091,43.8437,8.47715,10.5045,1647,1794,147,Italy,Italy,Savona,"Lucca
",470
2141434,43.7793,42.8333,11.2463,12.8333,1481,1481,0,Italy,Italy,Florence,"NoInfo
",471
2141434,42.8333,43.6598,12.8333,11.1849,1500,1481,-19,Italy,Italy,NoInfo,"San Casciano in Val di Pesa
",472
2141434,43.6598,42.8333,11.1849,12.8333,1500,1601,101,Italy,Italy,San Casciano in Val di Pesa,"NoInfo
",473
2141434,42.8333,42.8333,12.8333,12.8333,1700,1501,-199,Italy,Italy,NoInfo,"NoInfo
",474
2141434,42.8333,41.8919,12.8333,12.5113,1700,1722,22,Italy,Italy,NoInfo,"Rome
",475
2141434,41.8919,41.9022,12.5113,12.4533,1746,1746,0,Italy,Vatican City,Rome,"Vatican City
",476
2141204,43.7793,43.7793,11.2463,11.2463,1481,1481,0,Italy,Italy,Florence,"Florence
",477
2141204,43.7793,48.691,11.2463,9.14062,1503,1501,-2,Italy,NoInfo,Florence,"Europe
",478
2141204,48.691,43.7793,9.14062,11.2463,1600,1728,128,NoInfo,Italy,Europe,"Florence
",479
2141204,43.7793,44.4938,11.2463,11.3387,1728,1871,143,Italy,Italy,Florence,"Bologna
",480
2141204,44.4938,42.3751,11.3387,-71.1056,1871,1871,0,Italy,United States,Bologna,"Cambridge
",481
2141204,42.3751,42.3751,-71.1056,-71.1056,1905,1905,0,United States,United States,Cambridge,"Cambridge
",482
2141492,43.7793,40.8522,11.2463,14.2681,1481,1747,266,Italy,Italy,Florence,"Naples
",483
2141492,40.8522,52.2811,14.2681,-1.00095,1825,1819,-6,Italy,United Kingdom,Naples,"Althorp
",484
2141492,52.2811,40.7143,-1.00095,-74.006,1834,1855,21,United Kingdom,United States,Althorp,"New York
",485
2141492,40.7143,40.7143,-74.006,-74.006,1912,1913,1,United States,United States,New York,"New York
",486
2145052,43.7793,42.8333,11.2463,12.8333,1481,1500,19,Italy,Italy,Florence,"NoInfo
",487
2145052,42.8333,43.7793,12.8333,11.2463,1600,1500,-100,Italy,Italy,NoInfo,"Florence
",488
2145052,43.7793,52.6833,11.2463,0.61667,1600,1714,114,Italy,United Kingdom,Florence,"Narford
",489
2145052,52.6833,51.5085,0.61667,-0.12574,1902,1902,0,United Kingdom,United Kingdom,Narford,"London
",490
2145052,51.5085,41.4901,-0.12574,-71.3128,1918,1919,1,United Kingdom,United States,London,"Newport
",491
2145052,41.4901,40.7143,-71.3128,-74.006,1933,1934,1,United States,United States,Newport,"New York
",492
2145052,40.7143,40.7143,-74.006,-74.006,1949,1953,4,United States,United States,New York,"New York
",493
2145052,40.7143,40.7143,-74.006,-74.006,1958,1958,0,United States,United States,New York,"New York
",494
2145052,40.7143,50.0494,-74.006,10.2218,1958,1958,0,United States,Germany,New York,"Schweinfurt
",495
2141553,43.7793,43.7793,11.2463,11.2463,1481,1481,0,Italy,Italy,Florence,"Florence
",496
2141553,43.7793,43.7793,11.2463,11.2463,1550,1481,-69,Italy,NoInfo,Florence,"
",497
2141553,43.7793,51.5085,11.2463,-0.12574,1550,1743,193,NoInfo,United Kingdom,,"London
",498
2141553,51.5085,52.2811,-0.12574,-1.00095,1815,1815,0,United Kingdom,United Kingdom,London,"Althorp
",499
2141553,52.2811,51.5085,-1.00095,-0.12574,1821,1821,0,United Kingdom,United Kingdom,Althorp,"London
",500
2141553,51.5085,52.0313,-0.12574,-1.01815,1821,1821,0,United Kingdom,United Kingdom,London,"Stowe
",501
2141553,52.0313,51.5085,-1.01815,-0.12574,1839,1839,0,United Kingdom,United Kingdom,Stowe,"London
",502
2141553,51.5085,51.5085,-0.12574,-0.12574,1849,1849,0,United Kingdom,United Kingdom,London,"London
",503
2141553,51.5085,51.5085,-0.12574,-0.12574,1884,1884,0,United Kingdom,United Kingdom,London,"London
",504
2141553,51.5085,51.5085,-0.12574,-0.12574,1884,1884,0,United Kingdom,NoInfo,London,"
",505
2141553,51.5085,51.5085,-0.12574,-0.12574,1891,1891,0,NoInfo,United Kingdom,,"London
",506
2141553,51.5085,40.8522,-0.12574,14.2681,1891,1891,0,United Kingdom,Italy,London,"Naples
",507
2141553,40.8522,55.6359,14.2681,-3.46807,1894,1894,0,Italy,United Kingdom,Naples,"Skirling
",508
2141553,55.6359,40.7143,-3.46807,-74.006,1903,1903,0,United Kingdom,United States,Skirling,"New York
",509
2141553,40.7143,40.7143,-74.006,-74.006,1924,1924,0,United States,United States,New York,"New York
",510
2141227,43.7793,55.9909,11.2463,-3.39847,1481,1481,0,Italy,United Kingdom,Florence,"Queensferry
",511
2141227,55.9909,51.7522,-3.39847,-1.25596,1889,1889,0,United Kingdom,United Kingdom,Queensferry,"Oxford
",512
2140776,43.7793,42.8333,11.2463,12.8333,1481,1481,0,Italy,Italy,Florence,"NoInfo
",513
2140776,42.8333,42.8333,12.8333,12.8333,1500,1481,-19,Italy,NoInfo,NoInfo,"NoInfo
",514
2140776,42.8333,41.8919,12.8333,12.5113,1576,1601,25,NoInfo,Italy,NoInfo,"Rome
",515
2141400,43.7793,42.8333,11.2463,12.8333,1481,1481,0,Italy,Italy,Florence,"NoInfo
",516
2141400,42.8333,51.5085,12.8333,-0.12574,1500,1674,174,Italy,United Kingdom,NoInfo,"London
",517
2141400,51.5085,51.8485,-0.12574,-1.35132,1722,1749,27,United Kingdom,United Kingdom,London,"Woodstock
",518
2141400,51.8485,40.7143,-1.35132,-74.006,1881,1870,-11,United Kingdom,United States,Woodstock,"New York
",519
2141400,40.7143,40.7143,-74.006,-74.006,1908,1912,4,United States,United States,New York,"New York
",520
2141400,40.7143,48.8534,-74.006,2.3488,1912,1958,46,United States,France,New York,"Paris
",521
2141400,48.8534,35.6895,2.3488,139.692,1912,1958,46,France,Japan,Paris,"Tokyo
",522
2141400,35.6895,35.6895,139.692,139.692,2008,2008,0,Japan,Japan,Tokyo,"Tokyo
",523
2140685,43.7793,42.8333,11.2463,12.8333,1481,1481,0,Italy,Italy,Florence,"NoInfo
",524
2140685,42.8333,42.8333,12.8333,12.8333,1500,1579,79,Italy,Italy,NoInfo,"NoInfo
",525
2140685,42.8333,42.8333,12.8333,12.8333,1579,1579,0,Italy,Italy,NoInfo,"NoInfo
",526
2140685,42.8333,42.8333,12.8333,12.8333,1579,1591,12,Italy,Italy,NoInfo,"NoInfo
",527
2140685,42.8333,43.4628,12.8333,11.8807,1591,1609,18,Italy,Italy,NoInfo,"Arezzo
",528
2140732,43.7793,42.8333,11.2463,12.8333,1481,1481,0,Italy,Italy,Florence,"NoInfo
",529
2140732,42.8333,43.8437,12.8333,10.5045,1600,1886,286,Italy,Italy,NoInfo,"Lucca
",530
2141029,43.7793,42.8333,11.2463,12.8333,1481,1481,0,Italy,Italy,Florence,"NoInfo
",531
2141029,42.8333,43.7793,12.8333,11.2463,1550,1613,63,Italy,Italy,NoInfo,"Florence
",532
2141029,43.7793,43.7793,11.2463,11.2463,1613,1690,77,Italy,NoInfo,Florence,"
",533
2141029,43.7793,43.7793,11.2463,11.2463,1690,1690,0,NoInfo,Italy,,"Florence
",534
2141029,43.7793,44.4134,11.2463,12.2012,1712,1970,258,Italy,Italy,Florence,"Ravenna
",535
2141588,43.7793,42.8333,11.2463,12.8333,1481,1481,0,Italy,Italy,Florence,"NoInfo
",536
2141588,42.8333,42.8333,12.8333,12.8333,1500,1501,1,Italy,Italy,NoInfo,"NoInfo
",537
2141588,42.8333,42.8333,12.8333,12.8333,1600,1601,1,Italy,NoInfo,NoInfo,"NoInfo
",538
2141588,42.8333,51.0509,12.8333,13.7383,1700,1793,93,NoInfo,Germany,NoInfo,"Dresden
",539
2141588,51.0509,52.3705,13.7383,9.73322,1865,1831,-34,Germany,Germany,Dresden,"Hanover
",540
2141588,52.3705,52.2407,9.73322,0.50415,1870,1870,0,Germany,United Kingdom,Hanover,"East of England
",541
2141588,52.2407,48.2085,0.50415,16.3721,1870,1853,-17,United Kingdom,Austria,East of England,"Vienna
",542
2141588,48.2085,53.9,16.3721,27.5667,1870,1922,52,Austria,Belarus,Vienna,"Minsk
",543
2141168,43.7793,42.8333,11.2463,12.8333,1481,1500,19,Italy,Italy,Florence,"NoInfo
",544
2141168,42.8333,45.0705,12.8333,7.68682,1599,1720,121,Italy,Italy,NoInfo,"Turin
",545
2140634,43.7793,43.7793,11.2463,11.2463,1481,1481,0,Italy,NoInfo,Florence,"NoInfo
",546
2140634,43.7793,42.8333,11.2463,12.8333,1700,1690,-10,NoInfo,Italy,NoInfo,"NoInfo
",547
2140634,42.8333,48.8534,12.8333,2.3488,1690,1829,139,Italy,France,NoInfo,"Paris
",548
2140634,48.8534,48.8534,2.3488,2.3488,1906,1913,7,France,France,Paris,"Paris
",549
2141251,43.7793,42.8333,11.2463,12.8333,1481,1481,0,Italy,Italy,Florence,"NoInfo
",550
2141251,42.8333,42.8333,12.8333,12.8333,1600,1481,-119,Italy,NoInfo,NoInfo,"NoInfo
",551
2141251,42.8333,42.3751,12.8333,-71.1056,1600,1816,216,NoInfo,United States,NoInfo,"Cambridge
",552
2141251,42.3751,42.3751,-71.1056,-71.1056,1871,1896,25,United States,NoInfo,Cambridge,"NoInfo
",553
2140686,43.7793,43.7793,11.2463,11.2463,1481,1501,20,Italy,Italy,Florence,"Florence
",554
2140686,43.7793,42.8333,11.2463,12.8333,1600,1481,-119,Italy,Italy,Florence,"NoInfo
",555
2140686,42.8333,44.4938,12.8333,11.3387,1600,1775,175,Italy,Italy,NoInfo,"Bologna
",556
2140686,44.4938,44.4667,11.3387,11.4333,1847,1847,0,Italy,Italy,Bologna,"Bologna
",557
2141596,43.7793,43.7793,11.2463,11.2463,1481,1582,101,Italy,Italy,Florence,"Florence
",558
2141596,43.7793,42.8333,11.2463,12.8333,1582,1601,19,Italy,Italy,Florence,"NoInfo
",559
2141596,42.8333,45.4643,12.8333,9.18951,1700,1801,101,Italy,Italy,NoInfo,"Milan
",560
2141596,45.4643,45.4643,9.18951,9.18951,1801,1850,49,Italy,NoInfo,Milan,"NoInfo
",561
2141596,45.4643,51.1854,9.18951,6.44172,1900,1900,0,NoInfo,Germany,NoInfo,"M�nchengladbach
",562
2141596,51.1854,50.9333,6.44172,6.95,1943,1964,21,Germany,Germany,M�nchengladbach,"Cologne
",563
2140704,43.7793,42.8333,11.2463,12.8333,1481,1481,0,Italy,Italy,Florence,"NoInfo
",564
2140704,42.8333,43.7793,12.8333,11.2463,1500,1528,28,Italy,Italy,NoInfo,"Florence
",565
2140704,43.7793,43.7793,11.2463,11.2463,1528,1528,0,Italy,Italy,Florence,"Florence
",566
2140704,43.7793,43.7793,11.2463,11.2463,1809,1809,0,Italy,Italy,Florence,"Florence
",567
2140704,43.7793,43.7793,11.2463,11.2463,1861,1861,0,Italy,Italy,Florence,"Florence
",568
2141035,43.7793,42.8333,11.2463,12.8333,1481,1501,20,Italy,Italy,Florence,"NoInfo
",569
2141035,42.8333,42.8333,12.8333,12.8333,1600,1501,-99,Italy,Italy,NoInfo,"NoInfo
",570
2141035,42.8333,43.8805,12.8333,11.097,1700,1607,-93,Italy,Italy,NoInfo,"Prato
",571
2141035,43.8805,43.7793,11.097,11.2463,1607,1849,242,Italy,Italy,Prato,"Florence
",572
2141035,43.7793,43.7793,11.2463,11.2463,1874,1874,0,Italy,Italy,Florence,"Florence
",573
2141035,43.7793,43.7793,11.2463,11.2463,1905,1907,2,Italy,Italy,Florence,"Florence
",574
2140738,43.7793,43.7793,11.2463,11.2463,1481,1521,40,Italy,Italy,Florence,"Florence
",575
2140738,43.7793,42.8333,11.2463,12.8333,1521,1481,-40,Italy,Italy,Florence,"NoInfo
",576
2140738,42.8333,44.6478,12.8333,10.9254,1500,1481,-19,Italy,Italy,NoInfo,"Modena
",577
2140738,44.6478,44.6478,10.9254,10.9254,1829,1829,0,Italy,Italy,Modena,"Modena
",578
2141048,43.7793,42.8333,11.2463,12.8333,1481,1501,20,Italy,Italy,Florence,"NoInfo
",579
2141048,42.8333,44.0731,12.8333,10.4779,1600,1699,99,Italy,Italy,NoInfo,"Barga
",580
2141048,44.0731,43.5443,10.4779,10.3261,1699,1700,1,Italy,Italy,Barga,"Livorno
",581
2141048,43.5443,43.5443,10.3261,10.3261,1869,1869,0,Italy,Italy,Livorno,"Livorno
",582
2140700,43.7793,42.8333,11.2463,12.8333,1481,1481,0,Italy,Italy,Florence,"NoInfo
",583
2140700,42.8333,43.7793,12.8333,11.2463,1500,1481,-19,Italy,Italy,NoInfo,"Florence
",584
2140700,43.7793,43.7793,11.2463,11.2463,1500,1714,214,Italy,Italy,Florence,"Florence
",585
2140700,43.7793,43.7793,11.2463,11.2463,1861,1861,0,Italy,Italy,Florence,"Florence
",586
2140703,43.7793,42.8333,11.2463,12.8333,1481,1481,0,Italy,Italy,Florence,"NoInfo
",587
2140703,42.8333,43.7085,12.8333,10.4036,1500,1500,0,Italy,Italy,NoInfo,"Pisa
",588
2140703,43.7085,43.7793,10.4036,11.2463,1556,1745,189,Italy,Italy,Pisa,"Florence
",589
2140703,43.7793,43.7793,11.2463,11.2463,1801,1830,29,Italy,Italy,Florence,"Florence
",590
2140703,43.7793,43.7793,11.2463,11.2463,1830,1861,31,Italy,Italy,Florence,"Florence
",591
2141082,43.7793,42.8333,11.2463,12.8333,1481,1481,0,Italy,Italy,Florence,"NoInfo
",592
2141082,42.8333,43.7793,12.8333,11.2463,1600,1714,114,Italy,Italy,NoInfo,"Florence
",593
2141082,43.7793,55.9521,11.2463,-3.19648,1861,1807,-54,Italy,United Kingdom,Florence,"Edinburgh
",594
2141082,55.9521,55.9521,-3.19648,-3.19648,1861,1925,64,United Kingdom,United Kingdom,Edinburgh,"Edinburgh
",595
2141097,43.7793,42.8333,11.2463,12.8333,1481,1481,0,Italy,Italy,Florence,"NoInfo
",596
2141097,42.8333,42.8333,12.8333,12.8333,1500,1481,-19,Italy,Italy,NoInfo,"NoInfo
",597
2141097,42.8333,43.7085,12.8333,10.4036,1600,1481,-119,Italy,Italy,NoInfo,"Pisa
",598
2141097,43.7085,42.8333,10.4036,12.8333,1550,1601,51,Italy,Italy,Pisa,"NoInfo
",599
2141097,42.8333,42.8333,12.8333,12.8333,1700,1750,50,Italy,NoInfo,NoInfo,"NoInfo
",600
2141097,42.8333,50.1155,12.8333,8.68417,1800,1812,12,NoInfo,Germany,NoInfo,"Frankfurt am Main
",601
2141097,50.1155,50.1155,8.68417,8.68417,1812,1812,0,Germany,NoInfo,Frankfurt am Main,"NoInfo
",602
2141097,50.1155,45.6495,8.68417,13.7768,1898,1898,0,NoInfo,Italy,NoInfo,"Trieste
",603
2141097,45.6495,41.8919,13.7768,12.5113,1920,1918,-2,Italy,Italy,Trieste,"Rome
",604
2140725,43.7793,42.8333,11.2463,12.8333,1481,1481,0,Italy,Italy,Florence,"NoInfo
",605
2140725,42.8333,42.8333,12.8333,12.8333,1600,1550,-50,Italy,NoInfo,NoInfo,"NoInfo
",606
2140725,42.8333,45.4643,12.8333,9.18951,1600,1730,130,NoInfo,Italy,NoInfo,"Milan
",607
2140725,45.4643,52.374,9.18951,4.88969,1789,1789,0,Italy,Netherlands,Milan,"Amsterdam
",608
2140725,52.374,44.4048,4.88969,8.94439,1789,1789,0,Netherlands,Italy,Amsterdam,"Genoa
",609
2140725,44.4048,44.4048,8.94439,8.94439,1812,1812,0,Italy,Italy,Genoa,"Genoa
",610
2141098,43.7793,43.7793,11.2463,11.2463,1481,1501,20,Italy,Italy,Florence,"Florence
",611
2141098,43.7793,40.7259,11.2463,8.55552,1600,1800,200,Italy,Italy,Florence,"Sassari
",612
2141098,40.7259,40.7259,8.55552,8.55552,1874,1875,1,Italy,Italy,Sassari,"Sassari
",613
2140849,43.7793,43.7793,11.2463,11.2463,1481,1501,20,Italy,NoInfo,Florence,"NoInfo
",614
2140849,43.7793,35.6854,11.2463,139.753,1700,1801,101,NoInfo,Japan,NoInfo,"NoInfo
",615
2140849,35.6854,41.07,139.753,1.05949,1900,1900,0,Japan,Spain,NoInfo,"Cambrils
",616
2140849,41.07,41.3888,1.05949,2.15899,1969,1888,-81,Spain,Spain,Cambrils,"Barcelona
",617
2140849,41.3888,41.3888,2.15899,2.15899,1958,1959,1,Spain,Spain,Barcelona,"Barcelona
",618
2141338,43.7793,42.8333,11.2463,12.8333,1481,1481,0,Italy,Italy,Florence,"NoInfo
",619
2141338,42.8333,42.8333,12.8333,12.8333,1600,1481,-119,Italy,Italy,NoInfo,"NoInfo
",620
2141338,42.8333,38.132,12.8333,13.3356,1600,1481,-119,Italy,Italy,NoInfo,"Palermo
",621
2141338,38.132,38.132,13.3356,13.3356,1981,1981,0,Italy,Italy,Palermo,"Palermo
",622
2140675,43.7793,42.8333,11.2463,12.8333,1481,1550,69,Italy,Italy,Florence,"NoInfo
",623
2140675,42.8333,48.2085,12.8333,16.3721,1792,1792,0,Italy,Austria,NoInfo,"Vienna
",624
2140675,48.2085,48.1374,16.3721,11.5755,1824,1806,-18,Austria,Germany,Vienna,"Munich
",625
2140751,43.7793,42.8333,11.2463,12.8333,1481,1501,20,Italy,Italy,Florence,"NoInfo
",626
2140751,42.8333,42.8333,12.8333,12.8333,1600,1481,-119,Italy,Italy,NoInfo,"NoInfo
",627
2140751,42.8333,42.8333,12.8333,12.8333,1600,1701,101,Italy,NoInfo,NoInfo,"NoInfo
",628
2140751,42.8333,44.7994,12.8333,10.3262,1900,1761,-139,NoInfo,Italy,NoInfo,"Parma
",629
2140709,43.7793,42.8333,11.2463,12.8333,1481,1481,0,Italy,Italy,Florence,"NoInfo
",630
2140709,42.8333,42.8333,12.8333,12.8333,1600,1481,-119,Italy,Italy,NoInfo,"NoInfo
",631
2140709,42.8333,42.8333,12.8333,12.8333,1600,1481,-119,Italy,Italy,NoInfo,"NoInfo
",632
2140709,42.8333,43.7793,12.8333,11.2463,1600,1811,211,Italy,Italy,NoInfo,"Florence
",633
2140855,43.7793,43.7793,11.2463,11.2463,1481,1501,20,Italy,NoInfo,Florence,"NoInfo
",634
2140855,43.7793,43.7793,11.2463,11.2463,1600,1501,-99,NoInfo,Italy,NoInfo,"Florence
",635
2140855,43.7793,35.6854,11.2463,139.753,1600,1800,200,Italy,Japan,Florence,"NoInfo
",636
2140855,35.6854,59.8588,139.753,17.6389,1900,1800,-100,Japan,Sweden,NoInfo,"Uppsala
",637
2140770,43.7793,42.8333,11.2463,12.8333,1481,1501,20,Italy,Italy,Florence,"NoInfo
",638
2140770,42.8333,42.8333,12.8333,12.8333,1600,1501,-99,Italy,Italy,NoInfo,"NoInfo
",639
2140770,42.8333,41.8919,12.8333,12.5113,1600,1851,251,Italy,Italy,NoInfo,"Rome
",640
2141191,43.7793,45.4371,11.2463,12.3327,1481,1696,215,Italy,Italy,Florence,"Venice
",641
2141191,45.4371,51.7522,12.3327,-1.25596,1800,1803,3,Italy,United Kingdom,Venice,"Oxford
",642
2141108,43.7793,40,11.2463,-4,1481,1481,0,Italy,Spain,Florence,"NoInfo
",643
2141108,40,40,-4,-4,1500,1615,115,Spain,Spain,NoInfo,"NoInfo
",644
2141108,40,42.8805,-4,-8.54569,1615,1615,0,Spain,Spain,NoInfo,"Santiago de Compostela
",645
2011395,43.7793,43.7793,11.2463,11.2463,1481,1481,0,Italy,Italy,Florence,"Florence
",646
2011395,43.7793,43.7793,11.2463,11.2463,1600,1801,201,Italy,NoInfo,Florence,"NoInfo
",647
2011395,43.7793,42.8333,11.2463,12.8333,1600,1801,201,NoInfo,Italy,NoInfo,"NoInfo
",648
2011395,42.8333,42.8333,12.8333,12.8333,1600,1801,201,Italy,NoInfo,NoInfo,"NoInfo
",649
2011395,42.8333,42.8333,12.8333,12.8333,1600,1801,201,NoInfo,Italy,NoInfo,"NoInfo
",650
2141034,43.7793,43.7793,11.2463,11.2463,1481,1496,15,Italy,Italy,Florence,"Florence
",651
2141034,43.7793,42.8333,11.2463,12.8333,1528,1990,462,Italy,Italy,Florence,"NoInfo
",652
2140961,43.7793,48.8534,11.2463,2.3488,1481,1853,372,Italy,France,Florence,"Paris
",653
2140961,48.8534,48.8534,2.3488,2.3488,1917,1917,0,France,France,Paris,"Paris
",654
2140961,48.8534,48.8534,2.3488,2.3488,2003,2003,0,France,France,Paris,"Paris
",655
2141280,43.7793,45.4643,11.2463,9.18951,1481,1500,19,Italy,Italy,Florence,"Milan
",656
2141280,45.4643,48.691,9.18951,9.14062,1566,1500,-66,Italy,NoInfo,Milan,"Europe
",657
2141280,48.691,52.0389,9.14062,0.73117,1566,1825,259,NoInfo,United Kingdom,Europe,"Sudbury
",658
2141280,52.0389,51.5085,0.73117,-0.12574,1866,1918,52,United Kingdom,United Kingdom,Sudbury,"London
",659
2141280,51.5085,38.0293,-0.12574,-78.4767,1927,1928,1,United Kingdom,United States,London,"Charlottesville
",660
2141280,38.0293,45.0282,-78.4767,11.6426,1960,1960,0,United States,Italy,Charlottesville,"Fratta Polesine
",661
2141280,45.0282,37.4241,11.6426,-122.166,1987,1987,0,Italy,United States,Fratta Polesine,"Stanford
",662
201623,43.7793,42.8333,11.2463,12.8333,1481,1481,0,Italy,Italy,Florence,"Italy
",663
201623,42.8333,45.4371,12.8333,12.3327,1600,1735,135,Italy,Italy,Italy,"Venice
",664
201623,45.4371,51.4861,12.3327,-3.60861,1789,1823,34,Italy,United Kingdom,Venice,"Merthyr Mawr
",665
201623,51.4861,52.1604,-3.60861,-0.70312,1869,1870,1,United Kingdom,United Kingdom,Merthyr Mawr,"England
",666
201623,52.1604,42.3584,-0.70312,-71.0598,1936,1936,0,United Kingdom,United States,England,"Boston
",667
201623,42.3584,42.3751,-71.0598,-71.1056,1951,1951,0,United States,United States,Boston,"Cambridge
",668
2140702,43.7793,42.8333,11.2463,12.8333,1481,1501,20,Italy,Italy,Florence,"NoInfo
",669
2140702,42.8333,43.7793,12.8333,11.2463,1550,1708,158,Italy,Italy,NoInfo,"Florence
",670
2140702,43.7793,43.7793,11.2463,11.2463,1765,1714,-51,Italy,Italy,Florence,"Florence
",671
2140702,43.7793,43.7793,11.2463,11.2463,1861,1885,24,Italy,Italy,Florence,"Florence
",672
2141122,43.7793,43.7793,11.2463,11.2463,1481,1486,5,Italy,Italy,Florence,"Florence
",673
2141122,43.7793,43.7793,11.2463,11.2463,1560,1501,-59,Italy,NoInfo,Florence,"NoInfo
",674
2141122,43.7793,51.0509,11.2463,13.7383,1800,1700,-100,NoInfo,Germany,NoInfo,"Dresden
",675
2141122,51.0509,51.0509,13.7383,13.7383,1763,1768,5,Germany,Germany,Dresden,"Dresden
",676
2141122,51.0509,51.0509,13.7383,13.7383,1775,1775,0,Germany,Germany,Dresden,"Dresden
",677
2001011,43.7793,45.4389,11.2463,12.3309,1481,1701,220,Italy,Italy,Florence,"Venice
",678
2001011,45.4389,51.5085,12.3309,-0.12574,1761,1761,0,Italy,United Kingdom,Venice,"London
",679
2001011,51.5085,51.5085,-0.12574,-0.12574,1820,1821,1,United Kingdom,United Kingdom,London,"London
",680
2140726,43.7793,42.8333,11.2463,12.8333,1481,1481,0,Italy,Italy,Florence,"NoInfo
",681
2140726,42.8333,42.8333,12.8333,12.8333,1500,1481,-19,Italy,Italy,NoInfo,"NoInfo
",682
2140726,42.8333,48.3715,12.8333,10.8985,1700,1730,30,Italy,Germany,NoInfo,"Augsburg
",683
2140726,48.3715,48.3715,10.8985,10.8985,1700,1808,108,Germany,Germany,Augsburg,"Augsburg
",684
2140726,48.3715,48.3715,10.8985,10.8985,1700,1811,111,Germany,Germany,Augsburg,"Augsburg
",685
