Id,lat1,lat2,lon1,lon2,time1,time2,stay,area1,area2,place1,place2
02130036,43.77925,47.36667,11.24626,8.55,1481,1481,0,Italy,Switzerland,Florence,Zurich
02011876,43.77925,45.4389,11.24626,12.33092,1481,1481,0,Italy,Italy,Florence,Venice
02011876,45.4389,45.4389,12.33092,12.33092,1797,1701,-96,Italy,Italy,Venice,Venice
02011876,45.4389,48.85341,12.33092,2.3488,1800,1797,-3,Italy,France,Venice,Paris
02013851,43.77925,42.83333,11.24626,12.83333,1481,1501,20,Italy,Italy,Florence,Italy
02013851,42.83333,42.83333,12.83333,12.83333,1600,1800,200,Italy,NoInfo,Italy,NoInfo
02013851,42.83333,51.7311,12.83333,0.67463,1900,1940,40,NoInfo,United Kingdom,NoInfo,Maldon
02013851,51.7311,51.50853,0.67463,-0.12574,1963,2000,37,United Kingdom,United Kingdom,Maldon,London
02013851,51.50853,37.98376,-0.12574,23.72784,2001,2015,14,United Kingdom,Greece,London,Athens
02013851,37.98376,37.98376,23.72784,23.72784,2015,2015,0,Greece,Greece,Athens,Athens
02141340,43.77925,44.40478,11.24626,8.94439,1481,1765,284,Italy,Italy,Florence,Genoa
02140781,43.77925,42.83333,11.24626,12.83333,1481,1481,0,Italy,Italy,Florence,NoInfo
02140781,42.83333,42.83333,12.83333,12.83333,1600,1625,25,Italy,Italy,NoInfo,NoInfo
02140781,42.83333,42.83333,12.83333,12.83333,1703,1701,-2,Italy,NoInfo,NoInfo,NoInfo
02140781,42.83333,43.77925,12.83333,11.24626,1800,1752,-48,NoInfo,Italy,NoInfo,Florence
02141376,43.77925,43.77925,11.24626,11.24626,1481,1894,413,Italy,Italy,Florence,Florence
02141376,43.77925,43.77925,11.24626,11.24626,1916,1921,5,Italy,Italy,Florence,Florence
02141406,43.77925,42.83333,11.24626,12.83333,1481,1481,0,Italy,Italy,Florence,NoInfo
02141406,42.83333,50.85045,12.83333,4.34878,1700,1850,150,Italy,Belgium,NoInfo,Brussels
02141406,50.85045,44.29546,4.34878,9.99271,1890,1929,39,Belgium,Italy,Brussels,Castiglione
02019494,43.77925,43.77925,11.24626,11.24626,1481,1501,20,Italy,NoInfo,Florence,NoInfo
02019494,43.77925,43.77925,11.24626,11.24626,1600,1501,-99,NoInfo,NoInfo,NoInfo,NoInfo
02019494,43.77925,45.46427,11.24626,9.18951,1600,1800,200,NoInfo,Italy,NoInfo,Milan
02141444,43.77925,43.77925,11.24626,11.24626,1481,1481,0,Italy,Italy,Florence,Florence
02141444,43.77925,42.83333,11.24626,12.83333,1500,1481,-19,Italy,Italy,Florence,NoInfo
02141444,42.83333,42.83333,12.83333,12.83333,1600,1481,-119,Italy,Italy,NoInfo,NoInfo
02141444,42.83333,42.83333,12.83333,12.83333,1600,1501,-99,Italy,Italy,NoInfo,NoInfo
02141444,42.83333,38.13205,12.83333,13.33561,1600,1788,188,Italy,Italy,NoInfo,Palermo
02141466,43.77925,42.3751,11.24626,-71.10561,1481,1950,469,Italy,United States,Florence,Cambridge
02141466,42.3751,42.3751,-71.10561,-71.10561,1984,1984,0,United States,United States,Cambridge,Cambridge
02013814,43.77925,42.83333,11.24626,12.83333,1481,1481,0,Italy,Italy,Florence,NoInfo
02013814,42.83333,52.37924,12.83333,0.78599,1500,1781,281,Italy,United Kingdom,NoInfo,Euston
02013814,52.37924,51.50853,0.78599,-0.12574,1815,1815,0,United Kingdom,United Kingdom,Euston,London
02013814,51.50853,51.50853,-0.12574,-0.12574,1825,1825,0,United Kingdom,United Kingdom,London,London
02013814,51.50853,51.50853,-0.12574,-0.12574,1866,1867,1,United Kingdom,United Kingdom,London,London
02013814,51.50853,57.1718,-0.12574,-2.40945,1867,1867,0,United Kingdom,United Kingdom,London,Dunecht
02013814,57.1718,42.35843,-2.40945,-71.05977,1887,1887,0,United Kingdom,United States,Dunecht,Boston
02013814,42.35843,42.35843,-71.05977,-71.05977,1903,1903,0,United States,United States,Boston,Boston
02141160,43.77925,42.83333,11.24626,12.83333,1481,1481,0,Italy,Italy,Florence,NoInfo
02141160,42.83333,52.28107,12.83333,-1.00095,1481,1792,311,Italy,United Kingdom,NoInfo,Althorp
02141160,52.28107,51.50853,-1.00095,-0.12574,1481,1757,276,United Kingdom,United Kingdom,Althorp,London
02141160,51.50853,51.50853,-0.12574,-0.12574,1829,1829,0,United Kingdom,United Kingdom,London,London
02141160,51.50853,51.50853,-0.12574,-0.12574,1829,1829,0,United Kingdom,United Kingdom,London,London
02141529,43.77925,50.04937,11.24626,10.22175,1481,1960,479,Italy,Germany,Florence,Schweinfurt
02141529,50.04937,40.71427,10.22175,-74.00597,2000,1996,-4,Germany,United States,Schweinfurt,New York
02140753,43.77925,43.79359,11.24626,11.82031,1481,1854,373,Italy,Italy,Florence,Camaldoli
02140753,43.79359,43.72123,11.82031,11.76642,1856,1856,0,Italy,Italy,Camaldoli,Poppi
02140643,43.77925,42.83333,11.24626,12.83333,1481,1481,0,Italy,Italy,Florence,NoInfo
02140643,42.83333,42.83333,12.83333,12.83333,1500,1481,-19,Italy,Italy,NoInfo,NoInfo
02140643,42.83333,40.42435,12.83333,15.07981,1500,1481,-19,Italy,Italy,NoInfo,Capaccio
02140643,40.42435,41.90225,15.07981,12.4533,1504,1504,0,Italy,Vatican City,Capaccio,Vatican City
02140643,41.90225,48.85341,12.4533,2.3488,1504,1797,293,Vatican City,France,Vatican City,Paris
02140635,43.77925,42.83333,11.24626,12.83333,1481,1481,0,Italy,Italy,Florence,NoInfo
02140635,42.83333,42.83333,12.83333,12.83333,1500,1481,-19,Italy,Italy,NoInfo,NoInfo
02140635,42.83333,36.43556,12.83333,28.22199,1500,1481,-19,Italy,Greece,NoInfo,Rhodes
02140635,36.43556,48.85341,28.22199,2.3488,1503,1792,289,Greece,France,Rhodes,Paris
02140761,43.77925,42.83333,11.24626,12.83333,1481,1481,0,Italy,Italy,Florence,NoInfo
02140761,42.83333,42.83333,12.83333,12.83333,1600,1481,-119,Italy,Italy,NoInfo,NoInfo
02140761,42.83333,41.89193,12.83333,12.51133,1600,1481,-119,Italy,Italy,NoInfo,Rome
02140633,43.77925,42.83333,11.24626,12.83333,1481,1481,0,Italy,Italy,Florence,NoInfo
02140633,42.83333,42.83333,12.83333,12.83333,1500,1481,-19,Italy,Italy,NoInfo,NoInfo
02140633,42.83333,43.77925,12.83333,11.24626,1600,1601,1,Italy,Italy,NoInfo,Florence
02140633,43.77925,48.85341,11.24626,2.3488,1800,1818,18,Italy,France,Florence,Paris
02140985,43.77925,48.69096,11.24626,9.14062,1481,1481,0,Italy,NoInfo,Florence,Europe
02140985,48.69096,48.69096,9.14062,9.14062,1550,1700,150,NoInfo,NoInfo,Europe,NoInfo
02140985,48.69096,48.85341,9.14062,2.3488,1800,1845,45,NoInfo,France,NoInfo,Paris
02140985,48.85341,48.85341,2.3488,2.3488,1934,1935,1,France,France,Paris,Paris
02140771,43.77925,42.83333,11.24626,12.83333,1481,1481,0,Italy,Italy,Florence,NoInfo
02140771,42.83333,42.83333,12.83333,12.83333,1600,1481,-119,Italy,Italy,NoInfo,NoInfo
02140771,42.83333,43.77925,12.83333,11.24626,1600,1501,-99,Italy,Italy,NoInfo,Florence
02140771,43.77925,41.89193,11.24626,12.51133,1600,1754,154,Italy,Italy,Florence,Rome
02140771,41.89193,41.89193,12.51133,12.51133,1883,1883,0,Italy,Italy,Rome,Rome
02141568,43.77925,42.83333,11.24626,12.83333,1481,1481,0,Italy,Italy,Florence,NoInfo
02141568,42.83333,42.83333,12.83333,12.83333,1500,1481,-19,Italy,Italy,NoInfo,NoInfo
02141568,42.83333,43.77925,12.83333,11.24626,1600,1481,-119,Italy,Italy,NoInfo,Florence
02141568,43.77925,43.77925,11.24626,11.24626,1529,1794,265,Italy,Italy,Florence,Florence
02141568,43.77925,43.77925,11.24626,11.24626,1845,1805,-40,Italy,Italy,Florence,Florence
02141568,43.77925,43.77925,11.24626,11.24626,1868,1824,-44,Italy,Italy,Florence,Florence
02141568,43.77925,42.83333,11.24626,12.83333,1903,1949,46,Italy,Italy,Florence,NoInfo
02141271,43.77925,45.46427,11.24626,9.18951,1481,1481,0,Italy,Italy,Florence,Milan
02141271,45.46427,34.05223,9.18951,-118.24368,1501,1963,462,Italy,United States,Milan,Los Angeles
02141268,43.77925,42.83333,11.24626,12.83333,1481,1481,0,Italy,Italy,Florence,NoInfo
02141268,42.83333,40.71427,12.83333,-74.00597,1600,1921,321,Italy,United States,NoInfo,New York
02141268,40.71427,42.71202,-74.00597,-73.20372,1936,1923,-13,United States,United States,New York,Williamstown
02141017,43.77925,42.83333,11.24626,12.83333,1481,1601,120,Italy,Italy,Florence,NoInfo
02141017,42.83333,43.54427,12.83333,10.32615,1800,1711,-89,Italy,Italy,NoInfo,Livorno
02141017,43.54427,43.77925,10.32615,11.24626,1792,1792,0,Italy,Italy,Livorno,Florence
02141017,43.77925,43.77925,11.24626,11.24626,1810,1810,0,Italy,Italy,Florence,Florence
02141530,43.77925,42.83333,11.24626,12.83333,1481,1481,0,Italy,Italy,Florence,NoInfo
02141530,42.83333,45.43713,12.83333,12.33265,1500,1481,-19,Italy,Italy,NoInfo,Venice
02141530,45.43713,45.43713,12.33265,12.33265,1806,1807,1,Italy,Italy,Venice,Venice
02141555,43.77925,35.68536,11.24626,139.75309,1481,1501,20,Italy,Japan,Florence,NoInfo
02141555,35.68536,26.46523,139.75309,80.34975,1600,1850,250,Japan,United State,NoInfo,NoInfo
02141555,26.46523,40.11059,80.34975,-88.20727,1950,1965,15,United State,United States,NoInfo,Urbana
02140612,43.77925,42.83333,11.24626,12.83333,1481,1481,0,Italy,Italy,Florence,NoInfo
02140612,42.83333,50.85045,12.83333,4.34878,1600,1481,-119,Italy,Belgium,NoInfo,Brussels
02140613,43.77925,42.83333,11.24626,12.83333,1481,1481,0,Italy,Italy,Florence,NoInfo
02140613,42.83333,42.83333,12.83333,12.83333,1600,1501,-99,Italy,NoInfo,NoInfo,NoInfo
02140613,42.83333,41.89193,12.83333,12.51133,1700,1570,-130,NoInfo,Italy,NoInfo,Rome
02140613,41.89193,40.91149,12.51133,-73.78235,1630,1920,290,Italy,United States,Rome,New Rochelle
02140613,40.91149,50.85045,-73.78235,4.34878,1961,1963,2,United States,Belgium,New Rochelle,Brussels
02141605,43.77925,42.83333,11.24626,12.83333,1481,1481,0,Italy,Italy,Florence,NoInfo
02141605,42.83333,59.93863,12.83333,30.31413,1600,1795,195,Italy,Russia,NoInfo,St Petersburg
02141250,43.77925,43.77925,11.24626,11.24626,1481,1512,31,Italy,Italy,Florence,Florence
02141250,43.77925,43.4738,11.24626,11.02975,1561,1530,-31,Italy,Italy,Florence,San Gimignano
02141250,43.4738,51.50853,11.02975,-0.12574,1530,1766,236,Italy,United Kingdom,San Gimignano,London
02141250,51.50853,52.37302,-0.12574,4.89856,1827,1981,154,United Kingdom,Netherlands,London,Gemeente Amsterdam
02007303,43.77925,42.83333,11.24626,12.83333,1481,1481,0,Italy,Italy,Florence,NoInfo
02007303,42.83333,42.83333,12.83333,12.83333,1481,1501,20,Italy,Italy,NoInfo,NoInfo
02007303,42.83333,42.83333,12.83333,12.83333,1481,1501,20,Italy,Italy,NoInfo,NoInfo
02007303,42.83333,45.46416,12.83333,9.19199,1700,1801,101,Italy,Italy,NoInfo,Milan
02007303,45.46416,45.46416,9.19199,9.19199,1700,1801,101,Italy,Italy,Milan,Milan
02007303,45.46416,45.46416,9.19199,9.19199,1700,1901,201,Italy,Italy,Milan,Milan
02007303,45.46416,42.83333,9.19199,12.83333,1700,1901,201,Italy,Italy,Milan,NoInfo
02141203,43.77925,41.82399,11.24626,-71.41283,1481,1907,426,Italy,United States,Florence,Providence
02141203,41.82399,41.82399,-71.41283,-71.41283,1948,1948,0,United States,United States,Providence,Providence
02140668,43.77925,53.55073,11.24626,9.99302,1481,1481,0,Italy,Germany,Florence,Hamburg
02140701,43.77925,43.77925,11.24626,11.24626,1481,1501,20,Italy,Italy,Florence,Florence
02140701,43.77925,43.77925,11.24626,11.24626,1600,1714,114,Italy,Italy,Florence,Florence
02140701,43.77925,43.77925,11.24626,11.24626,1861,1861,0,Italy,Italy,Florence,Florence
02141556,43.77925,43.77925,11.24626,11.24626,1481,1899,418,Italy,Italy,Florence,Florence
02141556,43.77925,43.3085,11.24626,13.31036,1899,1899,0,Italy,Italy,Florence,Treia
02141556,43.3085,41.7031,13.31036,-86.23917,1902,1902,0,Italy,United States,Treia,University of Notre Dame
02140623,43.77925,48.69096,11.24626,9.14062,1481,1481,0,Italy,NoInfo,Florence,Europe
02140623,48.69096,42.83333,9.14062,12.83333,1481,1659,178,NoInfo,Italy,Europe,NoInfo
02140623,42.83333,44.05507,12.83333,5.04813,1660,1683,23,Italy,France,NoInfo,Carpentras
02140623,44.05507,44.05507,5.04813,5.04813,1757,1757,0,France,France,Carpentras,Carpentras
02141180,43.77925,43.77925,11.24626,11.24626,1481,1801,320,Italy,NoInfo,Florence,NoInfo
02141180,43.77925,43.77925,11.24626,11.24626,2000,1850,-150,NoInfo,NoInfo,NoInfo,NoInfo
02141180,43.77925,54.75844,11.24626,-2.69531,1950,1896,-54,NoInfo,United Kingdom,NoInfo,NoInfo
02141180,54.75844,51.50853,-2.69531,-0.12574,1921,1921,0,United Kingdom,United Kingdom,NoInfo,London
02141614,43.77925,42.83333,11.24626,12.83333,1481,1481,0,Italy,Italy,Florence,NoInfo
02141614,42.83333,42.26259,12.83333,-71.80229,1600,1880,280,Italy,United States,NoInfo,Worcester
02141614,42.26259,42.25842,-71.80229,-72.57453,1929,1880,-49,United States,United States,Worcester,South Hadley
02141614,42.25842,42.25842,-72.57453,-72.57453,1974,1974,0,United States,United States,South Hadley,South Hadley
02141350,43.77925,54.75844,11.24626,-2.69531,1481,1701,220,Italy,United Kingdom,Florence,NoInfo
02141350,54.75844,51.85,-2.69531,-1.36667,1800,1717,-83,United Kingdom,United Kingdom,NoInfo,Blenheim Palace
02141350,51.85,52.2,-1.36667,0.11667,1804,1804,0,United Kingdom,United Kingdom,Blenheim Palace,Cambridge
02140616,43.77925,55.67594,11.24626,12.56553,1481,1703,222,Italy,Denmark,Florence,Copenhagen
02140616,55.67594,55.67594,12.56553,12.56553,1785,1792,7,Denmark,Denmark,Copenhagen,Copenhagen
02141622,43.77925,42.83333,11.24626,12.83333,1481,1481,0,Italy,Italy,Florence,NoInfo
02141622,42.83333,43.77925,12.83333,11.24626,1481,1897,416,Italy,Italy,NoInfo,Florence
02141622,43.77925,39.29038,11.24626,-76.61219,1910,1910,0,Italy,United States,Florence,Baltimore
02141622,39.29038,39.29038,-76.61219,-76.61219,1931,1931,0,United States,United States,Baltimore,Baltimore
02141620,43.77925,43.77925,11.24626,11.24626,1481,1897,416,Italy,Italy,Florence,Florence
02141620,43.77925,39.29038,11.24626,-76.61219,1910,1910,0,Italy,United States,Florence,Baltimore
02141620,39.29038,39.29038,-76.61219,-76.61219,1931,1931,0,United States,United States,Baltimore,Baltimore
02141625,43.77925,40.85216,11.24626,14.26811,1481,1736,255,Italy,Italy,Florence,Naples
02141627,43.77925,48.69096,11.24626,9.14062,1481,1481,0,Italy,NoInfo,Florence,Europe
02141627,48.69096,48.69096,9.14062,9.14062,1600,1601,1,NoInfo,NoInfo,Europe,NoInfo
02141627,48.69096,48.13743,9.14062,11.57549,1700,1880,180,NoInfo,Germany,NoInfo,Munich
02141627,48.13743,41.90268,11.57549,12.45414,1979,1979,0,Germany,Vatican City,Munich,NoInfo
02141433,43.77925,42.83333,11.24626,12.83333,1481,1481,0,Italy,Italy,Florence,NoInfo
02141433,42.83333,42.83333,12.83333,12.83333,1500,1481,-19,Italy,Italy,NoInfo,NoInfo
02141433,42.83333,42.83333,12.83333,12.83333,1600,1501,-99,Italy,NoInfo,NoInfo,NoInfo
02141433,42.83333,41.89193,12.83333,12.51133,1600,1501,-99,NoInfo,Italy,NoInfo,Rome
02141433,41.89193,41.90225,12.51133,12.4533,1923,1923,0,Italy,Vatican City,Rome,Vatican City
02141428,43.77925,42.83333,11.24626,12.83333,1481,1481,0,Italy,Italy,Florence,NoInfo
02141428,42.83333,41.90268,12.83333,12.45414,1600,1877,277,Italy,Vatican City,NoInfo,NoInfo
02141428,41.90268,41.90225,12.45414,12.4533,1921,1877,-44,Vatican City,Vatican City,NoInfo,Vatican City
02140745,43.77925,42.83333,11.24626,12.83333,1481,1481,0,Italy,Italy,Florence,NoInfo
02140745,42.83333,42.83333,12.83333,12.83333,1600,1801,201,Italy,NoInfo,NoInfo,NoInfo
02140745,42.83333,40.85216,12.83333,14.26811,1900,1804,-96,NoInfo,Italy,NoInfo,Naples
02141554,43.77925,42.83333,11.24626,12.83333,1481,1481,0,Italy,Italy,Florence,Italy
02141554,42.83333,43.77925,12.83333,11.24626,1500,1501,1,Italy,Italy,Italy,Florence
02141554,43.77925,52.86195,11.24626,-3.05497,1600,1806,206,Italy,United Kingdom,Florence,Oswestry
02141554,52.86195,40.34872,-3.05497,-74.65905,1843,1900,57,United Kingdom,United States,Oswestry,Princeton
02141554,40.34872,40.34872,-74.65905,-74.65905,1955,1955,0,United States,United States,Princeton,Princeton
02141630,43.77925,43.77925,11.24626,11.24626,1481,1501,20,Italy,NoInfo,Florence,NoInfo
02141630,43.77925,43.91452,11.24626,-69.96533,1600,1870,270,NoInfo,United States,NoInfo,Brunswick
02141630,43.91452,43.91452,-69.96533,-69.96533,1915,1970,55,United States,United States,Brunswick,Brunswick
02140711,43.77925,42.83333,11.24626,12.83333,1481,1481,0,Italy,Italy,Florence,NoInfo
02140711,42.83333,43.77925,12.83333,11.24626,1600,1826,226,Italy,Italy,NoInfo,Florence
02140711,43.77925,43.77925,11.24626,11.24626,1834,1850,16,Italy,Italy,Florence,Florence
02141037,43.77925,42.83333,11.24626,12.83333,1481,1481,0,Italy,Italy,Florence,NoInfo
02141037,42.83333,43.77925,12.83333,11.24626,1500,1849,349,Italy,Italy,NoInfo,Florence
02141037,43.77925,43.77925,11.24626,11.24626,1874,1874,0,Italy,Italy,Florence,Florence
02141037,43.77925,43.77925,11.24626,11.24626,1905,1907,2,Italy,Italy,Florence,Florence
02126770,43.77925,43.77925,11.24626,11.24626,1481,1481,0,Italy,NoInfo,Florence,NoInfo
02126770,43.77925,43.77925,11.24626,11.24626,1500,1481,-19,NoInfo,NoInfo,NoInfo,NoInfo
02126770,43.77925,43.77925,11.24626,11.24626,1500,1481,-19,NoInfo,NoInfo,NoInfo,NoInfo
02126770,43.77925,43.77925,11.24626,11.24626,1500,1500,0,NoInfo,NoInfo,NoInfo,NoInfo
02126770,43.77925,51.50853,11.24626,-0.12574,1560,1791,231,NoInfo,United Kingdom,NoInfo,London
02126770,51.50853,52.07689,-0.12574,-1.24167,1791,1791,0,United Kingdom,United Kingdom,London,Thenford
02126770,52.07689,51.50853,-1.24167,-0.12574,1816,1816,0,United Kingdom,United Kingdom,Thenford,London
02126770,51.50853,52.07689,-0.12574,-1.24167,1824,1824,0,United Kingdom,United Kingdom,London,Thenford
02126770,52.07689,52.07689,-1.24167,-1.24167,1846,1846,0,United Kingdom,United Kingdom,Thenford,Thenford
02126770,52.07689,40.71427,-1.24167,-74.00597,1886,1886,0,United Kingdom,United States,Thenford,New York
02126770,40.71427,42.83333,-74.00597,12.83333,1886,1886,0,United States,Italy,New York,NoInfo
02126770,42.83333,42.83333,12.83333,12.83333,1904,1904,0,Italy,Italy,NoInfo,NoInfo
02126770,42.83333,44.41344,12.83333,12.20121,1905,1905,0,Italy,Italy,NoInfo,Ravenna
02140741,43.77925,43.77925,11.24626,11.24626,1481,1562,81,Italy,Italy,Florence,Florence
02140741,43.77925,43.77925,11.24626,11.24626,1562,1701,139,Italy,NoInfo,Florence,NoInfo
02140741,43.77925,40.85216,11.24626,14.26811,1800,1804,4,NoInfo,Italy,NoInfo,Naples
02141490,43.77925,43.77925,11.24626,11.24626,1481,1501,20,Italy,NoInfo,Florence,NoInfo
02141490,43.77925,43.77925,11.24626,11.24626,1600,1501,-99,NoInfo,NoInfo,NoInfo,NoInfo
02141490,43.77925,41.90268,11.24626,12.45414,1600,1501,-99,NoInfo,Vatican City,NoInfo,NoInfo
02141490,41.90268,38.89511,12.45414,-77.03637,1930,1932,2,Vatican City,United States,NoInfo,Washington
02141263,43.77925,42.83333,11.24626,12.83333,1481,1481,0,Italy,Italy,Florence,NoInfo
02141263,42.83333,51.50853,12.83333,-0.12574,1700,1810,110,Italy,United Kingdom,NoInfo,London
02141263,51.50853,54.75844,-0.12574,-2.69531,1843,1845,2,United Kingdom,United Kingdom,London,NoInfo
02141263,54.75844,54.75844,-2.69531,-2.69531,1845,1845,0,United Kingdom,United Kingdom,NoInfo,NoInfo
02141263,54.75844,51.50853,-2.69531,-0.12574,1868,1868,0,United Kingdom,United Kingdom,NoInfo,London
02141263,51.50853,42.35843,-0.12574,-71.05977,1875,1875,0,United Kingdom,United States,London,Boston
02141263,42.35843,42.3751,-71.05977,-71.10561,1919,1919,0,United States,United States,Boston,Cambridge
02141270,43.77925,43.77925,11.24626,11.24626,1481,1701,220,Italy,NoInfo,Florence,NoInfo
02141270,43.77925,39.12711,11.24626,-84.51439,1800,1820,20,NoInfo,United States,NoInfo,Cincinnati
02141270,39.12711,41.85003,-84.51439,-87.65005,1890,1890,0,United States,United States,Cincinnati,Chicago
02140994,43.77925,48.85341,11.24626,2.3488,1481,1731,250,Italy,France,Florence,Paris
02140994,48.85341,53.55073,2.3488,9.99302,1788,1731,-57,France,Germany,Paris,Hamburg
02140994,53.55073,53.55073,9.99302,9.99302,1863,1863,0,Germany,Germany,Hamburg,Hamburg
02141186,43.77925,42.83333,11.24626,12.83333,1481,1481,0,Italy,Italy,Florence,NoInfo
02141186,42.83333,43.77925,12.83333,11.24626,1500,1481,-19,Italy,Italy,NoInfo,Florence
02141186,43.77925,42.83333,11.24626,12.83333,1500,1501,1,Italy,Italy,Florence,NoInfo
02141186,42.83333,52.28107,12.83333,-1.00095,1600,1807,207,Italy,United Kingdom,NoInfo,Althorp
02141186,52.28107,52.28107,-1.00095,-1.00095,1834,1835,1,United Kingdom,NoInfo,Althorp,
02141186,52.28107,53.48095,-1.00095,-2.23743,1892,1892,0,NoInfo,United Kingdom,,Manchester
02141186,53.48095,53.48095,-2.23743,-2.23743,1892,1892,0,United Kingdom,United Kingdom,Manchester,Manchester
02141489,43.77925,51.50853,11.24626,-0.12574,1481,1860,379,Italy,United Kingdom,Florence,London
02141489,51.50853,40.71427,-0.12574,-74.00597,1927,1860,-67,United Kingdom,United States,London,New York
02141489,40.71427,40.09594,-74.00597,-75.12517,1935,1935,0,United States,United States,New York,Jenkintown
02141489,40.09594,38.89511,-75.12517,-77.03637,1943,1943,0,United States,United States,Jenkintown,Washington
02140943,43.77925,50.63373,11.24626,5.56749,1481,1817,336,Italy,Belgium,Florence,Liège
02140632,43.77925,42.83333,11.24626,12.83333,1481,1500,19,Italy,Italy,Florence,NoInfo
02140632,42.83333,41.89193,12.83333,12.51133,1481,1733,252,Italy,Italy,NoInfo,Rome
02140632,41.89193,48.85341,12.51133,2.3488,1783,1788,5,Italy,France,Rome,Paris
02140632,48.85341,48.85341,2.3488,2.3488,1792,1792,0,France,France,Paris,Paris
02141738,43.77925,48.85341,11.24626,2.3488,1481,1481,0,Italy,France,Florence,Paris
02141738,48.85341,48.85341,2.3488,2.3488,1838,1838,0,France,France,Paris,Paris
02141738,48.85341,48.85341,2.3488,2.3488,1838,1838,0,France,France,Paris,Paris
02141737,43.77925,48.85341,11.24626,2.3488,1481,1481,0,Italy,France,Florence,Paris
02141737,48.85341,48.85341,2.3488,2.3488,1784,1784,0,France,France,Paris,Paris
02001008,43.77925,51.50853,11.24626,-0.12574,1481,1755,274,Italy,United Kingdom,Florence,London
02001008,51.50853,51.50853,-0.12574,-0.12574,1846,1847,1,United Kingdom,United Kingdom,London,London
02141599,43.77925,43.77925,11.24626,11.24626,1481,1501,20,Italy,NoInfo,Florence,NoInfo
02141599,43.77925,52.52437,11.24626,13.41053,1600,1800,200,NoInfo,Germany,NoInfo,Berlin
02141599,52.52437,52.52437,13.41053,13.41053,1846,1850,4,Germany,Germany,Berlin,Berlin
02141629,43.77925,43.77925,11.24626,11.24626,1481,1501,20,Italy,NoInfo,Florence,NoInfo
02141629,43.77925,52.52437,11.24626,13.41053,1600,1880,280,NoInfo,Germany,NoInfo,Berlin
02141629,52.52437,52.52437,13.41053,13.41053,1904,1906,2,Germany,Germany,Berlin,Berlin
02141643,43.77925,43.77925,11.24626,11.24626,1481,1833,352,Italy,NoInfo,Florence,NoInfo
02141643,43.77925,46.21672,11.24626,6.18041,1861,1951,90,NoInfo,Switzerland,NoInfo,Cologny
02140783,43.77925,42.83333,11.24626,12.83333,1481,1481,0,Italy,Italy,Florence,NoInfo
02140783,42.83333,43.31822,12.83333,11.33064,1600,1758,158,Italy,Italy,NoInfo,Siena
02141600,43.77925,51.05089,11.24626,13.73832,1481,1853,372,Italy,Germany,Florence,Dresden
02141600,51.05089,51.05089,13.73832,13.73832,1865,1853,-12,Germany,Germany,Dresden,Dresden
02141601,43.77925,51.05089,11.24626,13.73832,1481,1481,0,Italy,Germany,Florence,Dresden
02140795,43.77925,42.83333,11.24626,12.83333,1481,1501,20,Italy,Italy,Florence,NoInfo
02140795,42.83333,45.53197,12.83333,12.18687,1700,1701,1,Italy,Italy,NoInfo,Trivignano
02140795,45.53197,45.66673,12.18687,12.2416,1800,1737,-63,Italy,Italy,Trivignano,Treviso
02140795,45.66673,45.66673,12.2416,12.2416,1810,1810,0,Italy,Italy,Treviso,Treviso
02140630,43.77925,45.4389,11.24626,12.33092,1481,1481,0,Italy,Italy,Florence,Venice
02140630,45.4389,45.4389,12.33092,12.33092,1519,1519,0,Italy,Italy,Venice,Venice
02140630,45.4389,48.85341,12.33092,2.3488,1547,1801,254,Italy,France,Venice,Paris
02141192,43.77925,42.83333,11.24626,12.83333,1481,1481,0,Italy,Italy,Florence,NoInfo
02141192,42.83333,42.83333,12.83333,12.83333,1500,1550,50,Italy,Italy,NoInfo,Italy
02141192,42.83333,42.35843,12.83333,-71.05977,1650,1939,289,Italy,United States,Italy,Boston
02141192,42.35843,42.3751,-71.05977,-71.10561,1939,1939,0,United States,United States,Boston,Cambridge
02141192,42.3751,42.3751,-71.10561,-71.10561,1943,1943,0,United States,United States,Cambridge,Cambridge
02141192,42.3751,42.35843,-71.10561,-71.05977,1943,1943,0,United States,United States,Cambridge,Boston
02140648,43.77925,43.77925,11.24626,11.24626,1481,1481,0,Italy,Italy,Florence,Florence
02140648,43.77925,43.77925,11.24626,11.24626,1501,1500,-1,Italy,NoInfo,Florence,NoInfo
02140648,43.77925,41.89193,11.24626,12.51133,1700,1717,17,NoInfo,Italy,NoInfo,Rome
02140648,41.89193,48.85341,12.51133,2.3488,1799,1717,-82,Italy,France,Rome,Paris
02141739,43.77925,43.29695,11.24626,5.38107,1481,1766,285,Italy,France,Florence,Marseille
02141739,43.29695,48.85341,5.38107,2.3488,1778,1781,3,France,France,Marseille,Paris
02141717,43.77925,48.20849,11.24626,16.37208,1481,1776,295,Italy,Austria,Florence,Vienna
02141004,43.77925,47.24878,11.24626,6.01815,1481,1753,272,Italy,France,Florence,Besançon
02141004,47.24878,47.24878,6.01815,6.01815,1826,1826,0,France,France,Besançon,Besançon
02144949,43.77925,42.83333,11.24626,12.83333,1481,1550,69,Italy,Italy,Florence,NoInfo
02144949,42.83333,46.0,12.83333,2.0,1650,1908,258,Italy,France,NoInfo,NoInfo
02144949,46.0,40.71427,2.0,-74.00597,1908,1908,0,France,United States,NoInfo,New York
02144949,40.71427,40.71427,-74.00597,-74.00597,1944,1922,-22,United States,United States,New York,New York
02141557,43.77925,43.77925,11.24626,11.24626,1481,1695,214,Italy,Italy,Florence,Florence
02141557,43.77925,43.77925,11.24626,11.24626,1758,1749,-9,Italy,Italy,Florence,Florence
02141557,43.77925,43.77925,11.24626,11.24626,1803,1801,-2,Italy,NoInfo,Florence,NoInfo
02141557,43.77925,52.0389,11.24626,0.73117,1900,1825,-75,NoInfo,United Kingdom,NoInfo,Sudbury
02141557,52.0389,51.50853,0.73117,-0.12574,1866,1866,0,United Kingdom,United Kingdom,Sudbury,London
02141557,51.50853,51.47411,-0.12574,-0.91212,1919,1875,-44,United Kingdom,United Kingdom,London,Sonning
02141557,51.47411,41.56232,-0.91212,-72.65065,1937,1875,-62,United Kingdom,United States,Sonning,Middletown
02144952,43.77925,48.85341,11.24626,2.3488,1481,1844,363,Italy,France,Florence,Paris
02144952,48.85341,41.89193,2.3488,12.51133,1884,2007,123,France,Italy,Paris,Rome
02144952,41.89193,45.46427,12.51133,9.18951,1884,2007,123,Italy,Italy,Rome,Milan
02141558,43.77925,41.30815,11.24626,-72.92816,1481,1963,482,Italy,United States,Florence,New Haven
02141439,43.77925,42.44063,11.24626,-76.49661,1481,1865,384,Italy,United States,Florence,Ithaca
02141267,43.77925,34.09668,11.24626,-117.71978,1481,1927,446,Italy,United States,Florence,Claremont
02141440,43.77925,39.16533,11.24626,-86.52639,1481,1960,479,Italy,United States,Florence,Bloomington
02001009,43.77925,42.83333,11.24626,12.83333,1481,1475,-6,Italy,Italy,Florence,NoInfo
02001009,42.83333,42.83333,12.83333,12.83333,1525,1750,225,Italy,Italy,NoInfo,NoInfo
02001009,42.83333,51.50853,12.83333,-0.12574,1825,1842,17,Italy,United Kingdom,NoInfo,London
02140856,43.77925,43.77925,11.24626,11.24626,1481,1550,69,Italy,Italy,Florence,Florence
02140856,43.77925,51.50853,11.24626,-0.12574,1605,1650,45,Italy,United Kingdom,Florence,London
02140856,51.50853,51.50853,-0.12574,-0.12574,1757,1757,0,United Kingdom,United Kingdom,London,London
02140784,43.77925,42.83333,11.24626,12.83333,1481,1481,0,Italy,Italy,Florence,NoInfo
02140784,42.83333,43.77925,12.83333,11.24626,1500,1614,114,Italy,Italy,NoInfo,Florence
02140784,43.77925,43.31822,11.24626,11.33064,1500,1758,258,Italy,Italy,Florence,Siena
02142781,43.77925,43.77925,11.24626,11.24626,1481,1812,331,Italy,Italy,Florence,Florence
02142781,43.77925,51.05089,11.24626,13.73832,1829,1840,11,Italy,Germany,Florence,Dresden
02142781,51.05089,51.05089,13.73832,13.73832,1920,1920,0,Germany,Germany,Dresden,Dresden
02142781,51.05089,51.05089,13.73832,13.73832,1938,1938,0,Germany,Germany,Dresden,Dresden
02142781,51.05089,55.75222,13.73832,37.61556,1945,1945,0,Germany,Russia,Dresden,Moscow
02141086,43.77925,42.83333,11.24626,12.83333,1481,1481,0,Italy,Italy,Florence,NoInfo
02141086,42.83333,42.83333,12.83333,12.83333,1600,1481,-119,Italy,Italy,NoInfo,NoInfo
02141086,42.83333,42.83333,12.83333,12.83333,1600,1601,1,Italy,Italy,NoInfo,NoInfo
02141086,42.83333,48.13743,12.83333,11.57549,1700,1800,100,Italy,Germany,NoInfo,Munich
02141086,48.13743,45.44694,11.57549,8.62118,1830,1800,-30,Germany,Italy,Munich,Novara
02141086,45.44694,45.44694,8.62118,8.62118,1896,1896,0,Italy,Italy,Novara,Novara
02141148,43.77925,48.69096,11.24626,9.14062,1481,1501,20,Italy,NoInfo,Florence,Europe
02141148,48.69096,35.68536,9.14062,139.75309,1600,1701,101,NoInfo,Japan,Europe,NoInfo
02141148,35.68536,35.68536,139.75309,139.75309,1800,1701,-99,Japan,Japan,NoInfo,NoInfo
02141148,35.68536,53.22662,139.75309,-1.62576,1800,1811,11,Japan,United Kingdom,NoInfo,Edensor
02141148,53.22662,53.21667,-1.62576,-1.6,1844,1844,0,United Kingdom,United Kingdom,Edensor,Chatsworth House
02141598,43.77925,48.13743,11.24626,11.57549,1481,1481,0,Italy,Germany,Florence,Munich
02141603,43.77925,42.83333,11.24626,12.83333,1481,1481,0,Italy,Italy,Florence,NoInfo
02141603,42.83333,35.68536,12.83333,139.75309,1600,1701,101,Italy,Japan,NoInfo,NoInfo
02141603,35.68536,35.68536,139.75309,139.75309,1800,1950,150,Japan,NoInfo,NoInfo,NoInfo
02141603,35.68536,45.07049,139.75309,7.68682,1980,1950,-30,NoInfo,Italy,NoInfo,Turin
02141603,45.07049,46.20222,7.68682,6.14569,2013,2013,0,Italy,Switzerland,Turin,Geneva
02141143,43.77925,42.83333,11.24626,12.83333,1481,1481,0,Italy,Italy,Florence,NoInfo
02141143,42.83333,54.75844,12.83333,-2.69531,1500,1813,313,Italy,United Kingdom,NoInfo,NoInfo
02141143,54.75844,51.50853,-2.69531,-0.12574,1857,1857,0,United Kingdom,United Kingdom,NoInfo,London
02141143,51.50853,51.50853,-0.12574,-0.12574,1857,1860,3,United Kingdom,United Kingdom,London,London
02141143,51.50853,51.50853,-0.12574,-0.12574,1860,1862,2,United Kingdom,United Kingdom,London,London
02141143,51.50853,50.16782,-0.12574,-5.32303,1862,1862,0,United Kingdom,United Kingdom,London,Crowan
02141143,50.16782,52.2,-5.32303,0.11667,1863,1863,0,United Kingdom,United Kingdom,Crowan,Cambridge
02140676,43.77925,42.83333,11.24626,12.83333,1481,1481,0,Italy,Italy,Florence,NoInfo
02140676,42.83333,42.83333,12.83333,12.83333,1600,1481,-119,Italy,Italy,NoInfo,NoInfo
02140676,42.83333,42.83333,12.83333,12.83333,1600,1501,-99,Italy,Italy,NoInfo,NoInfo
02140676,42.83333,42.83333,12.83333,12.83333,1600,1501,-99,Italy,Italy,NoInfo,NoInfo
02140676,42.83333,42.83333,12.83333,12.83333,1600,1501,-99,Italy,Italy,NoInfo,NoInfo
02140676,42.83333,43.77925,12.83333,11.24626,1600,1510,-90,Italy,Italy,NoInfo,Florence
02140676,43.77925,43.77925,11.24626,11.24626,1537,1540,3,Italy,Italy,Florence,Florence
02140676,43.77925,43.77925,11.24626,11.24626,1599,1593,-6,Italy,Italy,Florence,Florence
02140676,43.77925,43.77925,11.24626,11.24626,1647,1620,-27,Italy,Italy,Florence,Florence
02140676,43.77925,48.68439,11.24626,6.18496,1620,1740,120,Italy,France,Florence,Nancy
02140676,48.68439,48.89731,6.18496,9.19161,1799,1740,-59,France,Germany,Nancy,Ludwigsburg
02140676,48.89731,48.77667,9.19161,9.1775,1799,1740,-59,Germany,Germany,Ludwigsburg,Stuttgart
02142772,43.77925,43.77925,11.24626,11.24626,1481,1501,20,Italy,NoInfo,Florence,NoInfo
02142772,43.77925,42.83333,11.24626,12.83333,1600,1668,68,NoInfo,Italy,NoInfo,NoInfo
02142772,42.83333,43.77925,12.83333,11.24626,1668,1701,33,Italy,Italy,NoInfo,Florence
02142772,43.77925,35.68536,11.24626,139.75309,1800,1701,-99,Italy,Japan,Florence,NoInfo
02142772,35.68536,-22.90642,139.75309,-43.18223,1800,1849,49,Japan,Brazil,NoInfo,Rio de Janeiro
02142772,-22.90642,-22.90642,-43.18223,-43.18223,1923,1928,5,Brazil,Brazil,Rio de Janeiro,Rio de Janeiro
02001010,43.77925,54.75844,11.24626,-2.69531,1481,1700,219,Italy,United Kingdom,Florence,NoInfo
02001010,54.75844,51.50853,-2.69531,-0.12574,1800,1790,-10,United Kingdom,United Kingdom,NoInfo,London
02001010,51.50853,51.50853,-0.12574,-0.12574,1799,1799,0,United Kingdom,United Kingdom,London,London
02142777,43.77925,51.05089,11.24626,13.73832,1481,1556,75,Italy,Germany,Florence,Dresden
02142777,51.05089,55.75222,13.73832,37.61556,1945,1945,0,Germany,Russia,Dresden,Moscow
00559810,43.77925,42.83333,11.24626,12.83333,1481,1481,0,Italy,Italy,Florence,NoInfo
00559810,42.83333,51.48165,12.83333,-0.28749,1700,1728,28,Italy,United Kingdom,NoInfo,Kew
00559810,51.48165,51.50853,-0.28749,-0.12574,1805,1805,0,United Kingdom,United Kingdom,Kew,London
00559810,51.50853,54.75844,-0.12574,-2.69531,1835,1844,9,United Kingdom,United Kingdom,London,NoInfo
00559810,54.75844,52.2,-2.69531,0.11667,1910,1910,0,United Kingdom,United Kingdom,NoInfo,Cambridge
02140828,43.77925,43.77925,11.24626,11.24626,1481,1481,0,Italy,NoInfo,Florence,NoInfo
02140828,43.77925,51.05089,11.24626,13.73832,1481,1819,338,NoInfo,Germany,NoInfo,Dresden
02140828,51.05089,51.33962,13.73832,12.37129,1886,1886,0,Germany,Germany,Dresden,Leipzig
02140828,51.33962,55.75222,12.37129,37.61556,1945,1945,0,Germany,Russia,Leipzig,Moscow
02140829,43.77925,59.93863,11.24626,30.31413,1481,1820,339,Italy,Russia,Florence,St Petersburg
02140829,59.93863,55.75222,30.31413,37.61556,1869,1869,0,Russia,Russia,St Petersburg,Moscow
02140829,55.75222,55.75222,37.61556,37.61556,1924,1924,0,Russia,Russia,Moscow,Moscow
02141491,43.77925,42.83333,11.24626,12.83333,1481,1481,0,Italy,Italy,Florence,NoInfo
02141491,42.83333,44.32588,12.83333,7.67431,1500,1650,150,Italy,Italy,NoInfo,Chiusa di Pesio
02141491,44.32588,51.50853,7.67431,-0.12574,1650,1841,191,Italy,United Kingdom,Chiusa di Pesio,London
02141491,51.50853,37.80437,-0.12574,-122.2708,1883,1877,-6,United Kingdom,United States,London,Oakland
02141491,37.80437,37.80437,-122.2708,-122.2708,1948,1948,0,United States,United States,Oakland,Oakland
02142782,43.77925,51.50853,11.24626,-0.12574,1481,1835,354,Italy,United Kingdom,Florence,London
02142782,51.50853,51.50853,-0.12574,-0.12574,1845,1845,0,United Kingdom,United Kingdom,London,London
02141147,43.77925,43.77925,11.24626,11.24626,1481,1554,73,Italy,Italy,Florence,Florence
02141147,43.77925,51.50853,11.24626,-0.12574,1571,1645,74,Italy,United Kingdom,Florence,London
02141147,51.50853,52.2,-0.12574,0.11667,1645,1645,0,United Kingdom,United Kingdom,London,Cambridge
02140991,43.77925,42.83333,11.24626,12.83333,1481,1481,0,Italy,Italy,Florence,NoInfo
02140991,42.83333,40.85216,12.83333,14.26811,1600,1481,-119,Italy,Italy,NoInfo,Naples
02140991,40.85216,54.75844,14.26811,-2.69531,1600,1781,181,Italy,United Kingdom,Naples,NoInfo
02140991,54.75844,47.39484,-2.69531,0.70398,1833,1781,-52,United Kingdom,France,NoInfo,Tours
02140991,47.39484,47.39484,0.70398,0.70398,1972,1972,0,France,France,Tours,Tours
02138497,43.77925,43.77925,11.24626,11.24626,1481,1501,20,Italy,NoInfo,Florence,NoInfo
02138497,43.77925,52.06866,11.24626,4.28635,1600,1824,224,NoInfo,Netherlands,NoInfo,Gemeente Den Haag
02138497,52.06866,52.06866,4.28635,4.28635,1848,1824,-24,Netherlands,Netherlands,Gemeente Den Haag,Gemeente Den Haag
02129250,43.77925,42.83333,11.24626,12.83333,1481,1481,0,Italy,Italy,Florence,NoInfo
02129250,42.83333,54.75844,12.83333,-2.69531,1500,1800,300,Italy,United Kingdom,NoInfo,NoInfo
02129250,54.75844,51.50853,-2.69531,-0.12574,1848,1849,1,United Kingdom,United Kingdom,NoInfo,London
02129250,51.50853,51.32029,-0.12574,-1.54255,1878,1878,0,United Kingdom,United Kingdom,London,Fosbury
02129250,51.32029,51.50853,-1.54255,-0.12574,1910,1912,2,United Kingdom,United Kingdom,Fosbury,London
02129250,51.50853,51.50853,-0.12574,-0.12574,1912,1912,0,United Kingdom,United Kingdom,London,London
02129250,51.50853,34.1214,-0.12574,-118.10646,1912,1918,6,United Kingdom,United States,London,San Marino
02129250,34.1214,34.1214,-118.10646,-118.10646,1927,1927,0,United States,United States,San Marino,San Marino
02141115,43.77925,43.77925,11.24626,11.24626,1481,1481,0,Italy,NoInfo,Florence,NoInfo
02141115,43.77925,49.83826,11.24626,24.02324,1481,1481,0,NoInfo,Ukraine,NoInfo,Lviv
02141115,49.83826,49.83826,24.02324,24.02324,1853,1853,0,Ukraine,Ukraine,Lviv,Lviv
02141115,49.83826,51.1,24.02324,17.03333,1946,1946,0,Ukraine,Poland,Lviv,Wroclaw
02013774,43.77925,43.77925,11.24626,11.24626,1481,1600,119,Italy,NoInfo,Florence,NoInfo
02013774,43.77925,43.77925,11.24626,11.24626,1800,1600,-200,NoInfo,NoInfo,NoInfo,NoInfo
02013774,43.77925,43.77925,11.24626,11.24626,1700,1800,100,NoInfo,NoInfo,NoInfo,NoInfo
02013774,43.77925,43.77925,11.24626,11.24626,1900,1481,-419,NoInfo,NoInfo,NoInfo,NoInfo
02013774,43.77925,51.50853,11.24626,-0.12574,1600,1800,200,NoInfo,United Kingdom,NoInfo,London
02013774,51.50853,51.50853,-0.12574,-0.12574,1820,1820,0,United Kingdom,United Kingdom,London,London
02013774,51.50853,51.50853,-0.12574,-0.12574,1853,1853,0,United Kingdom,United Kingdom,London,London
02013774,51.50853,40.32118,-0.12574,-79.37948,1882,1960,78,United Kingdom,United States,London,Latrobe
02013774,40.32118,40.71427,-79.37948,-74.00597,1999,2000,1,United States,United States,Latrobe,New York
02013774,40.71427,51.50853,-74.00597,-0.12574,2000,2015,15,United States,United Kingdom,New York,London
02013774,51.50853,37.98376,-0.12574,23.72784,2015,2015,0,United Kingdom,Greece,London,Athens
02013774,37.98376,37.98376,23.72784,23.72784,2015,2015,0,Greece,Greece,Athens,Athens
02016450,43.77925,45.54694,11.24626,13.72944,1481,1481,0,Italy,Slovenia,Florence,Koper
02016450,45.54694,42.83333,13.72944,12.83333,1488,1488,0,Slovenia,Italy,Koper,NoInfo
02016450,42.83333,43.77925,12.83333,11.24626,1525,1545,20,Italy,Italy,NoInfo,Florence
02016450,43.77925,45.43713,11.24626,12.33265,1625,1690,65,Italy,Italy,Florence,Venice
02016450,45.43713,45.43713,12.33265,12.33265,1750,1750,0,Italy,Italy,Venice,Venice
02016450,45.43713,45.43713,12.33265,12.33265,1810,1810,0,Italy,Italy,Venice,Venice
02128758,43.77925,42.83333,11.24626,12.83333,1481,1481,0,Italy,Italy,Florence,Italy
02128758,42.83333,42.83333,12.83333,12.83333,1500,1650,150,Italy,Italy,Italy,Italy
02128758,42.83333,40.71427,12.83333,-74.00597,1750,1901,151,Italy,United States,Italy,New York
02128758,40.71427,40.71427,-74.00597,-74.00597,1907,1907,0,United States,United States,New York,New York
02128758,40.71427,42.29649,-74.00597,-71.29256,1907,1907,0,United States,United States,New York,Wellesley
02140739,43.77925,42.83333,11.24626,12.83333,1481,1601,120,Italy,Italy,Florence,NoInfo
02140739,42.83333,42.83333,12.83333,12.83333,1700,1801,101,Italy,NoInfo,NoInfo,NoInfo
02140739,42.83333,44.64783,12.83333,10.92539,1900,1900,0,NoInfo,Italy,NoInfo,Modena
02140739,44.64783,44.64783,10.92539,10.92539,1970,1970,0,Italy,Italy,Modena,Modena
02141240,43.77925,42.83333,11.24626,12.83333,1481,1481,0,Italy,Italy,Florence,NoInfo
02141240,42.83333,42.83333,12.83333,12.83333,1600,1700,100,Italy,NoInfo,NoInfo,NoInfo
02141240,42.83333,55.86515,12.83333,-4.25763,1800,1700,-100,NoInfo,United Kingdom,NoInfo,Glasgow
02141240,55.86515,55.86515,-4.25763,-4.25763,1848,1848,0,United Kingdom,United Kingdom,Glasgow,Glasgow
02141240,55.86515,55.86515,-4.25763,-4.25763,1848,1874,26,United Kingdom,United Kingdom,Glasgow,Glasgow
02141240,55.86515,55.86515,-4.25763,-4.25763,1848,1874,26,United Kingdom,United Kingdom,Glasgow,Glasgow
02140723,43.77925,42.83333,11.24626,12.83333,1481,1501,20,Italy,Italy,Florence,NoInfo
02140723,42.83333,44.40478,12.83333,8.94439,1700,1852,152,Italy,Italy,NoInfo,Genoa
02140723,44.40478,44.40478,8.94439,8.94439,1935,1900,-35,Italy,Italy,Genoa,Genoa
02140988,43.77925,42.83333,11.24626,12.83333,1481,1481,0,Italy,Italy,Florence,NoInfo
02140988,42.83333,43.29695,12.83333,5.38107,1500,1840,340,Italy,France,NoInfo,Marseille
02140988,43.29695,48.85341,5.38107,2.3488,1886,1902,16,France,France,Marseille,Paris
02140750,43.77925,40.85216,11.24626,14.26811,1481,1812,331,Italy,Italy,Florence,Naples
02140750,40.85216,40.85216,14.26811,14.26811,1815,1816,1,Italy,Italy,Naples,Naples
02140752,43.77925,42.83333,11.24626,12.83333,1481,1481,0,Italy,Italy,Florence,NoInfo
02140752,42.83333,43.70853,12.83333,10.4036,1800,1481,-319,Italy,Italy,NoInfo,Pisa
02140752,43.70853,43.70853,10.4036,10.4036,1800,1742,-58,Italy,Italy,Pisa,Pisa
02140760,43.77925,43.72123,11.24626,11.76642,1481,1745,264,Italy,Italy,Florence,Poppi
02140760,43.72123,43.72123,11.76642,11.76642,1825,1825,0,Italy,Italy,Poppi,Poppi
02140687,43.77925,42.83333,11.24626,12.83333,1481,1481,0,Italy,Italy,Florence,NoInfo
02140687,42.83333,44.46667,12.83333,11.43333,1500,1712,212,Italy,Italy,NoInfo,Bologna
02117472,43.77925,42.83333,11.24626,12.83333,1481,1481,0,Italy,Italy,Florence,NoInfo
02117472,42.83333,48.2082,12.83333,16.37169,1600,1807,207,Italy,Austria,NoInfo,Vienna
02141109,43.77925,42.83333,11.24626,12.83333,1481,1481,0,Italy,Italy,Florence,NoInfo
02141109,42.83333,45.19205,12.83333,9.15917,1600,1754,154,Italy,Italy,NoInfo,Pavia
02141109,45.19205,45.19205,9.15917,9.15917,1835,1835,0,Italy,Italy,Pavia,Pavia
02141099,43.77925,42.83333,11.24626,12.83333,1481,1481,0,Italy,Italy,Florence,NoInfo
02141099,42.83333,43.77925,12.83333,11.24626,1600,1750,150,Italy,Italy,NoInfo,Florence
02141099,43.77925,43.77925,11.24626,11.24626,1791,1791,0,Italy,Italy,Florence,Florence
02141099,43.77925,45.4299,11.24626,10.98444,1803,1791,-12,Italy,Italy,Florence,Verona
02141099,45.4299,45.4299,10.98444,10.98444,1808,1821,13,Italy,Italy,Verona,Verona
02141102,43.77925,42.83333,11.24626,12.83333,1481,1481,0,Italy,Italy,Florence,NoInfo
02141102,42.83333,42.83333,12.83333,12.83333,1500,1501,1,Italy,NoInfo,NoInfo,NoInfo
02141102,42.83333,56.59766,12.83333,24.20763,1600,1834,234,NoInfo,Latvia,NoInfo,Iecava
02141102,56.59766,56.946,24.20763,24.10589,1908,1919,11,Latvia,Latvia,Iecava,Riga
02141016,43.77925,42.83333,11.24626,12.83333,1481,1481,0,Italy,Italy,Florence,NoInfo
02141016,42.83333,42.83333,12.83333,12.83333,1500,1501,1,Italy,Italy,NoInfo,NoInfo
02141016,42.83333,42.83333,12.83333,12.83333,1600,1481,-119,Italy,Italy,NoInfo,NoInfo
02141016,42.83333,43.69876,12.83333,11.81474,1600,1481,-119,Italy,Italy,NoInfo,Bibbiena
02141016,43.69876,43.61995,11.81474,11.47191,1985,1926,-59,Italy,Italy,Bibbiena,Figline Valdarno
02141110,43.77925,42.83333,11.24626,12.83333,1481,1481,0,Italy,Italy,Florence,NoInfo
02141110,42.83333,42.83333,12.83333,12.83333,1600,1481,-119,Italy,Italy,NoInfo,NoInfo
02141110,42.83333,42.83333,12.83333,12.83333,1600,1800,200,Italy,Italy,NoInfo,NoInfo
02141427,43.77925,42.83333,11.24626,12.83333,1481,1601,120,Italy,Italy,Florence,NoInfo
02141427,42.83333,41.90225,12.83333,12.4533,1700,1700,0,Italy,Vatican City,NoInfo,Vatican City
02141456,43.77925,42.83333,11.24626,12.83333,1481,1481,0,Italy,Italy,Florence,NoInfo
02141456,42.83333,42.83333,12.83333,12.83333,1600,1501,-99,Italy,Italy,NoInfo,NoInfo
02141456,42.83333,42.83333,12.83333,12.83333,1600,1719,119,Italy,NoInfo,NoInfo,NoInfo
02141456,42.83333,41.89193,12.83333,12.51133,1720,1913,193,NoInfo,Italy,NoInfo,Rome
02140731,43.77925,42.83333,11.24626,12.83333,1481,1481,0,Italy,Italy,Florence,NoInfo
02140731,42.83333,42.83333,12.83333,12.83333,1600,1481,-119,Italy,Italy,NoInfo,NoInfo
02140731,42.83333,44.30905,12.83333,8.47715,1600,1647,47,Italy,Italy,NoInfo,Savona
02140731,44.30905,43.84369,8.47715,10.50447,1647,1794,147,Italy,Italy,Savona,Lucca
02141434,43.77925,42.83333,11.24626,12.83333,1481,1481,0,Italy,Italy,Florence,NoInfo
02141434,42.83333,43.65975,12.83333,11.18494,1500,1481,-19,Italy,Italy,NoInfo,San Casciano in Val di Pesa
02141434,43.65975,42.83333,11.18494,12.83333,1500,1601,101,Italy,Italy,San Casciano in Val di Pesa,NoInfo
02141434,42.83333,42.83333,12.83333,12.83333,1700,1501,-199,Italy,Italy,NoInfo,NoInfo
02141434,42.83333,41.89193,12.83333,12.51133,1700,1722,22,Italy,Italy,NoInfo,Rome
02141434,41.89193,41.90225,12.51133,12.4533,1746,1746,0,Italy,Vatican City,Rome,Vatican City
02141204,43.77925,43.77925,11.24626,11.24626,1481,1481,0,Italy,Italy,Florence,Florence
02141204,43.77925,48.69096,11.24626,9.14062,1503,1501,-2,Italy,NoInfo,Florence,Europe
02141204,48.69096,43.77925,9.14062,11.24626,1600,1728,128,NoInfo,Italy,Europe,Florence
02141204,43.77925,44.49381,11.24626,11.33875,1728,1871,143,Italy,Italy,Florence,Bologna
02141204,44.49381,42.3751,11.33875,-71.10561,1871,1871,0,Italy,United States,Bologna,Cambridge
02141204,42.3751,42.3751,-71.10561,-71.10561,1905,1905,0,United States,United States,Cambridge,Cambridge
02141492,43.77925,40.85216,11.24626,14.26811,1481,1747,266,Italy,Italy,Florence,Naples
02141492,40.85216,52.28107,14.26811,-1.00095,1825,1819,-6,Italy,United Kingdom,Naples,Althorp
02141492,52.28107,40.71427,-1.00095,-74.00597,1834,1855,21,United Kingdom,United States,Althorp,New York
02141492,40.71427,40.71427,-74.00597,-74.00597,1912,1913,1,United States,United States,New York,New York
02145052,43.77925,42.83333,11.24626,12.83333,1481,1500,19,Italy,Italy,Florence,NoInfo
02145052,42.83333,43.77925,12.83333,11.24626,1600,1500,-100,Italy,Italy,NoInfo,Florence
02145052,43.77925,52.68333,11.24626,0.61667,1600,1714,114,Italy,United Kingdom,Florence,Narford
02145052,52.68333,51.50853,0.61667,-0.12574,1902,1902,0,United Kingdom,United Kingdom,Narford,London
02145052,51.50853,41.4901,-0.12574,-71.31283,1918,1919,1,United Kingdom,United States,London,Newport
02145052,41.4901,40.71427,-71.31283,-74.00597,1933,1934,1,United States,United States,Newport,New York
02145052,40.71427,40.71427,-74.00597,-74.00597,1949,1953,4,United States,United States,New York,New York
02145052,40.71427,40.71427,-74.00597,-74.00597,1958,1958,0,United States,United States,New York,New York
02145052,40.71427,50.04937,-74.00597,10.22175,1958,1958,0,United States,Germany,New York,Schweinfurt
02141553,43.77925,43.77925,11.24626,11.24626,1481,1481,0,Italy,Italy,Florence,Florence
02141553,43.77925,43.77925,11.24626,11.24626,1550,1481,-69,Italy,NoInfo,Florence,
02141553,43.77925,51.50853,11.24626,-0.12574,1550,1743,193,NoInfo,United Kingdom,,London
02141553,51.50853,52.28107,-0.12574,-1.00095,1815,1815,0,United Kingdom,United Kingdom,London,Althorp
02141553,52.28107,51.50853,-1.00095,-0.12574,1821,1821,0,United Kingdom,United Kingdom,Althorp,London
02141553,51.50853,52.03127,-0.12574,-1.01815,1821,1821,0,United Kingdom,United Kingdom,London,Stowe
02141553,52.03127,51.50853,-1.01815,-0.12574,1839,1839,0,United Kingdom,United Kingdom,Stowe,London
02141553,51.50853,51.50853,-0.12574,-0.12574,1849,1849,0,United Kingdom,United Kingdom,London,London
02141553,51.50853,51.50853,-0.12574,-0.12574,1884,1884,0,United Kingdom,United Kingdom,London,London
02141553,51.50853,51.50853,-0.12574,-0.12574,1884,1884,0,United Kingdom,NoInfo,London,
02141553,51.50853,51.50853,-0.12574,-0.12574,1891,1891,0,NoInfo,United Kingdom,,London
02141553,51.50853,40.85216,-0.12574,14.26811,1891,1891,0,United Kingdom,Italy,London,Naples
02141553,40.85216,55.63594,14.26811,-3.46807,1894,1894,0,Italy,United Kingdom,Naples,Skirling
02141553,55.63594,40.71427,-3.46807,-74.00597,1903,1903,0,United Kingdom,United States,Skirling,New York
02141553,40.71427,40.71427,-74.00597,-74.00597,1924,1924,0,United States,United States,New York,New York
02141227,43.77925,55.99089,11.24626,-3.39847,1481,1481,0,Italy,United Kingdom,Florence,Queensferry
02141227,55.99089,51.75222,-3.39847,-1.25596,1889,1889,0,United Kingdom,United Kingdom,Queensferry,Oxford
02140776,43.77925,42.83333,11.24626,12.83333,1481,1481,0,Italy,Italy,Florence,NoInfo
02140776,42.83333,42.83333,12.83333,12.83333,1500,1481,-19,Italy,NoInfo,NoInfo,NoInfo
02140776,42.83333,41.89193,12.83333,12.51133,1576,1601,25,NoInfo,Italy,NoInfo,Rome
02141400,43.77925,42.83333,11.24626,12.83333,1481,1481,0,Italy,Italy,Florence,NoInfo
02141400,42.83333,51.50853,12.83333,-0.12574,1500,1674,174,Italy,United Kingdom,NoInfo,London
02141400,51.50853,51.8485,-0.12574,-1.35132,1722,1749,27,United Kingdom,United Kingdom,London,Woodstock
02141400,51.8485,40.71427,-1.35132,-74.00597,1881,1870,-11,United Kingdom,United States,Woodstock,New York
02141400,40.71427,40.71427,-74.00597,-74.00597,1908,1912,4,United States,United States,New York,New York
02141400,40.71427,48.85341,-74.00597,2.3488,1912,1958,46,United States,France,New York,Paris
02141400,48.85341,35.6895,2.3488,139.69171,1912,1958,46,France,Japan,Paris,Tokyo
02141400,35.6895,35.6895,139.69171,139.69171,2008,2008,0,Japan,Japan,Tokyo,Tokyo
02140685,43.77925,42.83333,11.24626,12.83333,1481,1481,0,Italy,Italy,Florence,NoInfo
02140685,42.83333,42.83333,12.83333,12.83333,1500,1579,79,Italy,Italy,NoInfo,NoInfo
02140685,42.83333,42.83333,12.83333,12.83333,1579,1579,0,Italy,Italy,NoInfo,NoInfo
02140685,42.83333,42.83333,12.83333,12.83333,1579,1591,12,Italy,Italy,NoInfo,NoInfo
02140685,42.83333,43.46276,12.83333,11.88068,1591,1609,18,Italy,Italy,NoInfo,Arezzo
02140732,43.77925,42.83333,11.24626,12.83333,1481,1481,0,Italy,Italy,Florence,NoInfo
02140732,42.83333,43.84369,12.83333,10.50447,1600,1886,286,Italy,Italy,NoInfo,Lucca
02141029,43.77925,42.83333,11.24626,12.83333,1481,1481,0,Italy,Italy,Florence,NoInfo
02141029,42.83333,43.77925,12.83333,11.24626,1550,1613,63,Italy,Italy,NoInfo,Florence
02141029,43.77925,43.77925,11.24626,11.24626,1613,1690,77,Italy,NoInfo,Florence,
02141029,43.77925,43.77925,11.24626,11.24626,1690,1690,0,NoInfo,Italy,,Florence
02141029,43.77925,44.41344,11.24626,12.20121,1712,1970,258,Italy,Italy,Florence,Ravenna
02141588,43.77925,42.83333,11.24626,12.83333,1481,1481,0,Italy,Italy,Florence,NoInfo
02141588,42.83333,42.83333,12.83333,12.83333,1500,1501,1,Italy,Italy,NoInfo,NoInfo
02141588,42.83333,42.83333,12.83333,12.83333,1600,1601,1,Italy,NoInfo,NoInfo,NoInfo
02141588,42.83333,51.05089,12.83333,13.73832,1700,1793,93,NoInfo,Germany,NoInfo,Dresden
02141588,51.05089,52.37052,13.73832,9.73322,1865,1831,-34,Germany,Germany,Dresden,Hanover
02141588,52.37052,52.24067,9.73322,0.50415,1870,1870,0,Germany,United Kingdom,Hanover,East of England
02141588,52.24067,48.20849,0.50415,16.37208,1870,1853,-17,United Kingdom,Austria,East of England,Vienna
02141588,48.20849,53.9,16.37208,27.56667,1870,1922,52,Austria,Belarus,Vienna,Minsk
02141168,43.77925,42.83333,11.24626,12.83333,1481,1500,19,Italy,Italy,Florence,NoInfo
02141168,42.83333,45.07049,12.83333,7.68682,1599,1720,121,Italy,Italy,NoInfo,Turin
02140634,43.77925,43.77925,11.24626,11.24626,1481,1481,0,Italy,NoInfo,Florence,NoInfo
02140634,43.77925,42.83333,11.24626,12.83333,1700,1690,-10,NoInfo,Italy,NoInfo,NoInfo
02140634,42.83333,48.85341,12.83333,2.3488,1690,1829,139,Italy,France,NoInfo,Paris
02140634,48.85341,48.85341,2.3488,2.3488,1906,1913,7,France,France,Paris,Paris
02141251,43.77925,42.83333,11.24626,12.83333,1481,1481,0,Italy,Italy,Florence,NoInfo
02141251,42.83333,42.83333,12.83333,12.83333,1600,1481,-119,Italy,NoInfo,NoInfo,NoInfo
02141251,42.83333,42.3751,12.83333,-71.10561,1600,1816,216,NoInfo,United States,NoInfo,Cambridge
02141251,42.3751,42.3751,-71.10561,-71.10561,1871,1896,25,United States,NoInfo,Cambridge,NoInfo
02140686,43.77925,43.77925,11.24626,11.24626,1481,1501,20,Italy,Italy,Florence,Florence
02140686,43.77925,42.83333,11.24626,12.83333,1600,1481,-119,Italy,Italy,Florence,NoInfo
02140686,42.83333,44.49381,12.83333,11.33875,1600,1775,175,Italy,Italy,NoInfo,Bologna
02140686,44.49381,44.46667,11.33875,11.43333,1847,1847,0,Italy,Italy,Bologna,Bologna
02141596,43.77925,43.77925,11.24626,11.24626,1481,1582,101,Italy,Italy,Florence,Florence
02141596,43.77925,42.83333,11.24626,12.83333,1582,1601,19,Italy,Italy,Florence,NoInfo
02141596,42.83333,45.46427,12.83333,9.18951,1700,1801,101,Italy,Italy,NoInfo,Milan
02141596,45.46427,45.46427,9.18951,9.18951,1801,1850,49,Italy,NoInfo,Milan,NoInfo
02141596,45.46427,51.18539,9.18951,6.44172,1900,1900,0,NoInfo,Germany,NoInfo,Mönchengladbach
02141596,51.18539,50.93333,6.44172,6.95,1943,1964,21,Germany,Germany,Mönchengladbach,Cologne
02140704,43.77925,42.83333,11.24626,12.83333,1481,1481,0,Italy,Italy,Florence,NoInfo
02140704,42.83333,43.77925,12.83333,11.24626,1500,1528,28,Italy,Italy,NoInfo,Florence
02140704,43.77925,43.77925,11.24626,11.24626,1528,1528,0,Italy,Italy,Florence,Florence
02140704,43.77925,43.77925,11.24626,11.24626,1809,1809,0,Italy,Italy,Florence,Florence
02140704,43.77925,43.77925,11.24626,11.24626,1861,1861,0,Italy,Italy,Florence,Florence
02141035,43.77925,42.83333,11.24626,12.83333,1481,1501,20,Italy,Italy,Florence,NoInfo
02141035,42.83333,42.83333,12.83333,12.83333,1600,1501,-99,Italy,Italy,NoInfo,NoInfo
02141035,42.83333,43.8805,12.83333,11.09699,1700,1607,-93,Italy,Italy,NoInfo,Prato
02141035,43.8805,43.77925,11.09699,11.24626,1607,1849,242,Italy,Italy,Prato,Florence
02141035,43.77925,43.77925,11.24626,11.24626,1874,1874,0,Italy,Italy,Florence,Florence
02141035,43.77925,43.77925,11.24626,11.24626,1905,1907,2,Italy,Italy,Florence,Florence
02140738,43.77925,43.77925,11.24626,11.24626,1481,1521,40,Italy,Italy,Florence,Florence
02140738,43.77925,42.83333,11.24626,12.83333,1521,1481,-40,Italy,Italy,Florence,NoInfo
02140738,42.83333,44.64783,12.83333,10.92539,1500,1481,-19,Italy,Italy,NoInfo,Modena
02140738,44.64783,44.64783,10.92539,10.92539,1829,1829,0,Italy,Italy,Modena,Modena
02141048,43.77925,42.83333,11.24626,12.83333,1481,1501,20,Italy,Italy,Florence,NoInfo
02141048,42.83333,44.0731,12.83333,10.47789,1600,1699,99,Italy,Italy,NoInfo,Barga
02141048,44.0731,43.54427,10.47789,10.32615,1699,1700,1,Italy,Italy,Barga,Livorno
02141048,43.54427,43.54427,10.32615,10.32615,1869,1869,0,Italy,Italy,Livorno,Livorno
02140700,43.77925,42.83333,11.24626,12.83333,1481,1481,0,Italy,Italy,Florence,NoInfo
02140700,42.83333,43.77925,12.83333,11.24626,1500,1481,-19,Italy,Italy,NoInfo,Florence
02140700,43.77925,43.77925,11.24626,11.24626,1500,1714,214,Italy,Italy,Florence,Florence
02140700,43.77925,43.77925,11.24626,11.24626,1861,1861,0,Italy,Italy,Florence,Florence
02140703,43.77925,42.83333,11.24626,12.83333,1481,1481,0,Italy,Italy,Florence,NoInfo
02140703,42.83333,43.70853,12.83333,10.4036,1500,1500,0,Italy,Italy,NoInfo,Pisa
02140703,43.70853,43.77925,10.4036,11.24626,1556,1745,189,Italy,Italy,Pisa,Florence
02140703,43.77925,43.77925,11.24626,11.24626,1801,1830,29,Italy,Italy,Florence,Florence
02140703,43.77925,43.77925,11.24626,11.24626,1830,1861,31,Italy,Italy,Florence,Florence
02141082,43.77925,42.83333,11.24626,12.83333,1481,1481,0,Italy,Italy,Florence,NoInfo
02141082,42.83333,43.77925,12.83333,11.24626,1600,1714,114,Italy,Italy,NoInfo,Florence
02141082,43.77925,55.95206,11.24626,-3.19648,1861,1807,-54,Italy,United Kingdom,Florence,Edinburgh
02141082,55.95206,55.95206,-3.19648,-3.19648,1861,1925,64,United Kingdom,United Kingdom,Edinburgh,Edinburgh
02141097,43.77925,42.83333,11.24626,12.83333,1481,1481,0,Italy,Italy,Florence,NoInfo
02141097,42.83333,42.83333,12.83333,12.83333,1500,1481,-19,Italy,Italy,NoInfo,NoInfo
02141097,42.83333,43.70853,12.83333,10.4036,1600,1481,-119,Italy,Italy,NoInfo,Pisa
02141097,43.70853,42.83333,10.4036,12.83333,1550,1601,51,Italy,Italy,Pisa,NoInfo
02141097,42.83333,42.83333,12.83333,12.83333,1700,1750,50,Italy,NoInfo,NoInfo,NoInfo
02141097,42.83333,50.11552,12.83333,8.68417,1800,1812,12,NoInfo,Germany,NoInfo,Frankfurt am Main
02141097,50.11552,50.11552,8.68417,8.68417,1812,1812,0,Germany,NoInfo,Frankfurt am Main,NoInfo
02141097,50.11552,45.64953,8.68417,13.77678,1898,1898,0,NoInfo,Italy,NoInfo,Trieste
02141097,45.64953,41.89193,13.77678,12.51133,1920,1918,-2,Italy,Italy,Trieste,Rome
02140725,43.77925,42.83333,11.24626,12.83333,1481,1481,0,Italy,Italy,Florence,NoInfo
02140725,42.83333,42.83333,12.83333,12.83333,1600,1550,-50,Italy,NoInfo,NoInfo,NoInfo
02140725,42.83333,45.46427,12.83333,9.18951,1600,1730,130,NoInfo,Italy,NoInfo,Milan
02140725,45.46427,52.37403,9.18951,4.88969,1789,1789,0,Italy,Netherlands,Milan,Amsterdam
02140725,52.37403,44.40478,4.88969,8.94439,1789,1789,0,Netherlands,Italy,Amsterdam,Genoa
02140725,44.40478,44.40478,8.94439,8.94439,1812,1812,0,Italy,Italy,Genoa,Genoa
02141098,43.77925,43.77925,11.24626,11.24626,1481,1501,20,Italy,Italy,Florence,Florence
02141098,43.77925,40.72586,11.24626,8.55552,1600,1800,200,Italy,Italy,Florence,Sassari
02141098,40.72586,40.72586,8.55552,8.55552,1874,1875,1,Italy,Italy,Sassari,Sassari
02140849,43.77925,43.77925,11.24626,11.24626,1481,1501,20,Italy,NoInfo,Florence,NoInfo
02140849,43.77925,35.68536,11.24626,139.75309,1700,1801,101,NoInfo,Japan,NoInfo,NoInfo
02140849,35.68536,41.06997,139.75309,1.05949,1900,1900,0,Japan,Spain,NoInfo,Cambrils
02140849,41.06997,41.38879,1.05949,2.15899,1969,1888,-81,Spain,Spain,Cambrils,Barcelona
02140849,41.38879,41.38879,2.15899,2.15899,1958,1959,1,Spain,Spain,Barcelona,Barcelona
02141338,43.77925,42.83333,11.24626,12.83333,1481,1481,0,Italy,Italy,Florence,NoInfo
02141338,42.83333,42.83333,12.83333,12.83333,1600,1481,-119,Italy,Italy,NoInfo,NoInfo
02141338,42.83333,38.13205,12.83333,13.33561,1600,1481,-119,Italy,Italy,NoInfo,Palermo
02141338,38.13205,38.13205,13.33561,13.33561,1981,1981,0,Italy,Italy,Palermo,Palermo
02140675,43.77925,42.83333,11.24626,12.83333,1481,1550,69,Italy,Italy,Florence,NoInfo
02140675,42.83333,48.20849,12.83333,16.37208,1792,1792,0,Italy,Austria,NoInfo,Vienna
02140675,48.20849,48.13743,16.37208,11.57549,1824,1806,-18,Austria,Germany,Vienna,Munich
02140751,43.77925,42.83333,11.24626,12.83333,1481,1501,20,Italy,Italy,Florence,NoInfo
02140751,42.83333,42.83333,12.83333,12.83333,1600,1481,-119,Italy,Italy,NoInfo,NoInfo
02140751,42.83333,42.83333,12.83333,12.83333,1600,1701,101,Italy,NoInfo,NoInfo,NoInfo
02140751,42.83333,44.79935,12.83333,10.32618,1900,1761,-139,NoInfo,Italy,NoInfo,Parma
02140709,43.77925,42.83333,11.24626,12.83333,1481,1481,0,Italy,Italy,Florence,NoInfo
02140709,42.83333,42.83333,12.83333,12.83333,1600,1481,-119,Italy,Italy,NoInfo,NoInfo
02140709,42.83333,42.83333,12.83333,12.83333,1600,1481,-119,Italy,Italy,NoInfo,NoInfo
02140709,42.83333,43.77925,12.83333,11.24626,1600,1811,211,Italy,Italy,NoInfo,Florence
02140855,43.77925,43.77925,11.24626,11.24626,1481,1501,20,Italy,NoInfo,Florence,NoInfo
02140855,43.77925,43.77925,11.24626,11.24626,1600,1501,-99,NoInfo,Italy,NoInfo,Florence
02140855,43.77925,35.68536,11.24626,139.75309,1600,1800,200,Italy,Japan,Florence,NoInfo
02140855,35.68536,59.85882,139.75309,17.63889,1900,1800,-100,Japan,Sweden,NoInfo,Uppsala
02140770,43.77925,42.83333,11.24626,12.83333,1481,1501,20,Italy,Italy,Florence,NoInfo
02140770,42.83333,42.83333,12.83333,12.83333,1600,1501,-99,Italy,Italy,NoInfo,NoInfo
02140770,42.83333,41.89193,12.83333,12.51133,1600,1851,251,Italy,Italy,NoInfo,Rome
02141191,43.77925,45.43713,11.24626,12.33265,1481,1696,215,Italy,Italy,Florence,Venice
02141191,45.43713,51.75222,12.33265,-1.25596,1800,1803,3,Italy,United Kingdom,Venice,Oxford
02141108,43.77925,40.0,11.24626,-4.0,1481,1481,0,Italy,Spain,Florence,NoInfo
02141108,40.0,40.0,-4.0,-4.0,1500,1615,115,Spain,Spain,NoInfo,NoInfo
02141108,40.0,42.88052,-4.0,-8.54569,1615,1615,0,Spain,Spain,NoInfo,Santiago de Compostela
02011395,43.77925,43.77925,11.24626,11.24626,1481,1481,0,Italy,Italy,Florence,Florence
02011395,43.77925,43.77925,11.24626,11.24626,1600,1801,201,Italy,NoInfo,Florence,NoInfo
02011395,43.77925,42.83333,11.24626,12.83333,1600,1801,201,NoInfo,Italy,NoInfo,NoInfo
02011395,42.83333,42.83333,12.83333,12.83333,1600,1801,201,Italy,NoInfo,NoInfo,NoInfo
02011395,42.83333,42.83333,12.83333,12.83333,1600,1801,201,NoInfo,Italy,NoInfo,NoInfo
02141034,43.77925,43.77925,11.24626,11.24626,1481,1496,15,Italy,Italy,Florence,Florence
02141034,43.77925,42.83333,11.24626,12.83333,1528,1990,462,Italy,Italy,Florence,NoInfo
02140961,43.77925,48.85341,11.24626,2.3488,1481,1853,372,Italy,France,Florence,Paris
02140961,48.85341,48.85341,2.3488,2.3488,1917,1917,0,France,France,Paris,Paris
02140961,48.85341,48.85341,2.3488,2.3488,2003,2003,0,France,France,Paris,Paris
02141280,43.77925,45.46427,11.24626,9.18951,1481,1500,19,Italy,Italy,Florence,Milan
02141280,45.46427,48.69096,9.18951,9.14062,1566,1500,-66,Italy,NoInfo,Milan,Europe
02141280,48.69096,52.0389,9.14062,0.73117,1566,1825,259,NoInfo,United Kingdom,Europe,Sudbury
02141280,52.0389,51.50853,0.73117,-0.12574,1866,1918,52,United Kingdom,United Kingdom,Sudbury,London
02141280,51.50853,38.02931,-0.12574,-78.47668,1927,1928,1,United Kingdom,United States,London,Charlottesville
02141280,38.02931,45.02819,-78.47668,11.64265,1960,1960,0,United States,Italy,Charlottesville,Fratta Polesine
02141280,45.02819,37.42411,11.64265,-122.16608,1987,1987,0,Italy,United States,Fratta Polesine,Stanford
00201623,43.77925,42.83333,11.24626,12.83333,1481,1481,0,Italy,Italy,Florence,Italy
00201623,42.83333,45.43713,12.83333,12.33265,1600,1735,135,Italy,Italy,Italy,Venice
00201623,45.43713,51.48611,12.33265,-3.60861,1789,1823,34,Italy,United Kingdom,Venice,Merthyr Mawr
00201623,51.48611,52.16045,-3.60861,-0.70312,1869,1870,1,United Kingdom,United Kingdom,Merthyr Mawr,England
00201623,52.16045,42.35843,-0.70312,-71.05977,1936,1936,0,United Kingdom,United States,England,Boston
00201623,42.35843,42.3751,-71.05977,-71.10561,1951,1951,0,United States,United States,Boston,Cambridge
02140702,43.77925,42.83333,11.24626,12.83333,1481,1501,20,Italy,Italy,Florence,NoInfo
02140702,42.83333,43.77925,12.83333,11.24626,1550,1708,158,Italy,Italy,NoInfo,Florence
02140702,43.77925,43.77925,11.24626,11.24626,1765,1714,-51,Italy,Italy,Florence,Florence
02140702,43.77925,43.77925,11.24626,11.24626,1861,1885,24,Italy,Italy,Florence,Florence
02141122,43.77925,43.77925,11.24626,11.24626,1481,1486,5,Italy,Italy,Florence,Florence
02141122,43.77925,43.77925,11.24626,11.24626,1560,1501,-59,Italy,NoInfo,Florence,NoInfo
02141122,43.77925,51.05089,11.24626,13.73832,1800,1700,-100,NoInfo,Germany,NoInfo,Dresden
02141122,51.05089,51.05089,13.73832,13.73832,1763,1768,5,Germany,Germany,Dresden,Dresden
02141122,51.05089,51.05089,13.73832,13.73832,1775,1775,0,Germany,Germany,Dresden,Dresden
02001011,43.77925,45.4389,11.24626,12.33092,1481,1701,220,Italy,Italy,Florence,Venice
02001011,45.4389,51.50853,12.33092,-0.12574,1761,1761,0,Italy,United Kingdom,Venice,London
02001011,51.50853,51.50853,-0.12574,-0.12574,1820,1821,1,United Kingdom,United Kingdom,London,London
02140726,43.77925,42.83333,11.24626,12.83333,1481,1481,0,Italy,Italy,Florence,NoInfo
02140726,42.83333,42.83333,12.83333,12.83333,1500,1481,-19,Italy,Italy,NoInfo,NoInfo
02140726,42.83333,48.37154,12.83333,10.89851,1700,1730,30,Italy,Germany,NoInfo,Augsburg
02140726,48.37154,48.37154,10.89851,10.89851,1700,1808,108,Germany,Germany,Augsburg,Augsburg
02140726,48.37154,48.37154,10.89851,10.89851,1700,1811,111,Germany,Germany,Augsburg,Augsburg
