Id,prov_ij,startCoor,endCoor,startCentury,endCentury,startCountry,endCountry
2130036,1,"[43.77925, 11.246260000000001]","[47.36667, 8.55]",15,15,Italy,Switzerland
2011876,1,"[43.77925, 11.246260000000001]","[45.4389, 12.330919999999999]",15,15,Italy,Italy
2011876,2,"[45.4389, 12.330919999999999]","[45.4389, 12.330919999999999]",18,18,Italy,Italy
2011876,3,"[45.4389, 12.330919999999999]","[48.85341, 2.3488]",18,18,Italy,France
2013851,1,"[43.77925, 11.246260000000001]","[42.83333, 12.83333]",15,16,Italy,Italy
2013851,2,"[42.83333, 12.83333]","[42.83333, 12.83333]",16,18,Italy,NoInfo
2013851,3,"[42.83333, 12.83333]","[51.7311, 0.6746300000000001]",19,20,NoInfo,United Kingdom
2013851,4,"[51.7311, 0.6746300000000001]","[51.50853, -0.12574000000000002]",20,20,United Kingdom,United Kingdom
2013851,5,"[51.50853, -0.12574000000000002]","[37.98376, 23.72784]",21,21,United Kingdom,Greece
2013851,6,"[37.98376, 23.72784]","[37.98376, 23.72784]",21,21,Greece,Greece
2141340,1,"[43.77925, 11.246260000000001]","[44.40478, 8.94439]",15,18,Italy,Italy
2140781,1,"[43.77925, 11.246260000000001]","[42.83333, 12.83333]",15,15,Italy,Italy
2140781,2,"[42.83333, 12.83333]","[42.83333, 12.83333]",16,17,Italy,Italy
2140781,3,"[42.83333, 12.83333]","[42.83333, 12.83333]",18,18,Italy,NoInfo
2140781,4,"[42.83333, 12.83333]","[43.77925, 11.246260000000001]",18,18,NoInfo,Italy
2141376,1,"[43.77925, 11.246260000000001]","[43.77925, 11.246260000000001]",15,19,Italy,Italy
2141376,2,"[43.77925, 11.246260000000001]","[43.77925, 11.246260000000001]",20,20,Italy,Italy
2141406,1,"[43.77925, 11.246260000000001]","[42.83333, 12.83333]",15,15,Italy,Italy
2141406,2,"[42.83333, 12.83333]","[50.85045, 4.3487800000000005]",17,19,Italy,Belgium
2141406,3,"[50.85045, 4.3487800000000005]","[44.29546, 9.99271]",19,20,Belgium,Italy
2019494,1,"[43.77925, 11.246260000000001]","[43.77925, 11.246260000000001]",15,16,Italy,NoInfo
2019494,2,"[43.77925, 11.246260000000001]","[43.77925, 11.246260000000001]",16,16,NoInfo,NoInfo
2019494,3,"[43.77925, 11.246260000000001]","[45.46427, 9.18951]",16,18,NoInfo,Italy
2141444,1,"[43.77925, 11.246260000000001]","[43.77925, 11.246260000000001]",15,15,Italy,Italy
2141444,2,"[43.77925, 11.246260000000001]","[42.83333, 12.83333]",15,15,Italy,Italy
2141444,3,"[42.83333, 12.83333]","[42.83333, 12.83333]",16,15,Italy,Italy
2141444,4,"[42.83333, 12.83333]","[42.83333, 12.83333]",16,16,Italy,Italy
2141444,5,"[42.83333, 12.83333]","[38.13205, 13.33561]",16,18,Italy,Italy
2141466,1,"[43.77925, 11.246260000000001]","[42.3751, -71.10561]",15,20,Italy,United States
2141466,2,"[42.3751, -71.10561]","[42.3751, -71.10561]",20,20,United States,United States
2013814,1,"[43.77925, 11.246260000000001]","[42.83333, 12.83333]",15,15,Italy,Italy
2013814,2,"[42.83333, 12.83333]","[52.37924, 0.78599]",15,18,Italy,United Kingdom
2013814,3,"[52.37924, 0.78599]","[51.50853, -0.12574000000000002]",19,19,United Kingdom,United Kingdom
2013814,4,"[51.50853, -0.12574000000000002]","[51.50853, -0.12574000000000002]",19,19,United Kingdom,United Kingdom
2013814,5,"[51.50853, -0.12574000000000002]","[51.50853, -0.12574000000000002]",19,19,United Kingdom,United Kingdom
2013814,6,"[51.50853, -0.12574000000000002]","[57.1718, -2.40945]",19,19,United Kingdom,United Kingdom
2013814,7,"[57.1718, -2.40945]","[42.35843, -71.05977]",19,19,United Kingdom,United States
2013814,8,"[42.35843, -71.05977]","[42.35843, -71.05977]",20,20,United States,United States
2141160,1,"[43.77925, 11.246260000000001]","[42.83333, 12.83333]",15,15,Italy,Italy
2141160,2,"[42.83333, 12.83333]","[52.28107, -1.00095]",15,18,Italy,United Kingdom
2141160,3,"[52.28107, -1.00095]","[51.50853, -0.12574000000000002]",15,18,United Kingdom,United Kingdom
2141160,4,"[51.50853, -0.12574000000000002]","[51.50853, -0.12574000000000002]",19,19,United Kingdom,United Kingdom
2141160,5,"[51.50853, -0.12574000000000002]","[51.50853, -0.12574000000000002]",19,19,United Kingdom,United Kingdom
2141529,1,"[43.77925, 11.246260000000001]","[50.04937, 10.22175]",15,20,Italy,Germany
2141529,2,"[50.04937, 10.22175]","[40.71427, -74.00596999999999]",20,20,Germany,United States
2140753,1,"[43.77925, 11.246260000000001]","[43.79359, 11.820310000000001]",15,19,Italy,Italy
2140753,2,"[43.79359, 11.820310000000001]","[43.72123, 11.76642]",19,19,Italy,Italy
2140643,1,"[43.77925, 11.246260000000001]","[42.83333, 12.83333]",15,15,Italy,Italy
2140643,2,"[42.83333, 12.83333]","[42.83333, 12.83333]",15,15,Italy,Italy
2140643,3,"[42.83333, 12.83333]","[40.42435, 15.07981]",15,15,Italy,Italy
2140643,4,"[40.42435, 15.07981]","[41.90225, 12.4533]",16,16,Italy,Vatican City
2140643,5,"[41.90225, 12.4533]","[48.85341, 2.3488]",16,18,Vatican City,France
2140635,1,"[43.77925, 11.246260000000001]","[42.83333, 12.83333]",15,15,Italy,Italy
2140635,2,"[42.83333, 12.83333]","[42.83333, 12.83333]",15,15,Italy,Italy
2140635,3,"[42.83333, 12.83333]","[36.435559999999995, 28.22199]",15,15,Italy,Greece
2140635,4,"[36.435559999999995, 28.22199]","[48.85341, 2.3488]",16,18,Greece,France
2140761,1,"[43.77925, 11.246260000000001]","[42.83333, 12.83333]",15,15,Italy,Italy
2140761,2,"[42.83333, 12.83333]","[42.83333, 12.83333]",16,15,Italy,Italy
2140761,3,"[42.83333, 12.83333]","[41.89193, 12.511330000000001]",16,15,Italy,Italy
2140633,1,"[43.77925, 11.246260000000001]","[42.83333, 12.83333]",15,15,Italy,Italy
2140633,2,"[42.83333, 12.83333]","[42.83333, 12.83333]",15,15,Italy,Italy
2140633,3,"[42.83333, 12.83333]","[43.77925, 11.246260000000001]",16,17,Italy,Italy
2140633,4,"[43.77925, 11.246260000000001]","[48.85341, 2.3488]",18,19,Italy,France
2140985,1,"[43.77925, 11.246260000000001]","[48.69096, 9.14062]",15,15,Italy,NoInfo
2140985,2,"[48.69096, 9.14062]","[48.69096, 9.14062]",16,17,NoInfo,NoInfo
2140985,3,"[48.69096, 9.14062]","[48.85341, 2.3488]",18,19,NoInfo,France
2140985,4,"[48.85341, 2.3488]","[48.85341, 2.3488]",20,20,France,France
2140771,1,"[43.77925, 11.246260000000001]","[42.83333, 12.83333]",15,15,Italy,Italy
2140771,2,"[42.83333, 12.83333]","[42.83333, 12.83333]",16,15,Italy,Italy
2140771,3,"[42.83333, 12.83333]","[43.77925, 11.246260000000001]",16,16,Italy,Italy
2140771,4,"[43.77925, 11.246260000000001]","[41.89193, 12.511330000000001]",16,18,Italy,Italy
2140771,5,"[41.89193, 12.511330000000001]","[41.89193, 12.511330000000001]",19,19,Italy,Italy
2141568,1,"[43.77925, 11.246260000000001]","[42.83333, 12.83333]",15,15,Italy,Italy
2141568,2,"[42.83333, 12.83333]","[42.83333, 12.83333]",15,15,Italy,Italy
2141568,3,"[42.83333, 12.83333]","[43.77925, 11.246260000000001]",16,15,Italy,Italy
2141568,4,"[43.77925, 11.246260000000001]","[43.77925, 11.246260000000001]",16,18,Italy,Italy
2141568,5,"[43.77925, 11.246260000000001]","[43.77925, 11.246260000000001]",19,19,Italy,Italy
2141568,6,"[43.77925, 11.246260000000001]","[43.77925, 11.246260000000001]",19,19,Italy,Italy
2141568,7,"[43.77925, 11.246260000000001]","[42.83333, 12.83333]",20,20,Italy,Italy
2141271,1,"[43.77925, 11.246260000000001]","[45.46427, 9.18951]",15,15,Italy,Italy
2141271,2,"[45.46427, 9.18951]","[34.05223, -118.24368]",16,20,Italy,United States
2141268,1,"[43.77925, 11.246260000000001]","[42.83333, 12.83333]",15,15,Italy,Italy
2141268,2,"[42.83333, 12.83333]","[40.71427, -74.00596999999999]",16,20,Italy,United States
2141268,3,"[40.71427, -74.00596999999999]","[42.71202, -73.20371999999999]",20,20,United States,United States
2141017,1,"[43.77925, 11.246260000000001]","[42.83333, 12.83333]",15,17,Italy,Italy
2141017,2,"[42.83333, 12.83333]","[43.544270000000004, 10.32615]",18,18,Italy,Italy
2141017,3,"[43.544270000000004, 10.32615]","[43.77925, 11.246260000000001]",18,18,Italy,Italy
2141017,4,"[43.77925, 11.246260000000001]","[43.77925, 11.246260000000001]",19,19,Italy,Italy
2141530,1,"[43.77925, 11.246260000000001]","[42.83333, 12.83333]",15,15,Italy,Italy
2141530,2,"[42.83333, 12.83333]","[45.437129999999996, 12.33265]",15,15,Italy,Italy
2141530,3,"[45.437129999999996, 12.33265]","[45.437129999999996, 12.33265]",19,19,Italy,Italy
2141555,1,"[43.77925, 11.246260000000001]","[35.685359999999996, 139.75309]",15,16,Italy,Japan
2141555,2,"[35.685359999999996, 139.75309]","[-14.60485, -57.65625]",16,19,Japan,United States
2141555,3,"[-14.60485, -57.65625]","[40.11059, -88.20727]",20,20,United States,United States
2140612,1,"[43.77925, 11.246260000000001]","[42.83333, 12.83333]",15,15,Italy,Italy
2140612,2,"[42.83333, 12.83333]","[50.85045, 4.3487800000000005]",16,15,Italy,Belgium
2140613,1,"[43.77925, 11.246260000000001]","[42.83333, 12.83333]",15,15,Italy,Italy
2140613,2,"[42.83333, 12.83333]","[42.83333, 12.83333]",16,16,Italy,NoInfo
2140613,3,"[42.83333, 12.83333]","[41.89193, 12.511330000000001]",17,16,NoInfo,Italy
2140613,4,"[41.89193, 12.511330000000001]","[40.91149, -73.78235]",17,20,Italy,United States
2140613,5,"[40.91149, -73.78235]","[50.85045, 4.3487800000000005]",20,20,United States,Belgium
2141605,1,"[43.77925, 11.246260000000001]","[42.83333, 12.83333]",15,15,Italy,Italy
2141605,2,"[42.83333, 12.83333]","[59.93863, 30.31413]",16,18,Italy,Russia
2141250,1,"[43.77925, 11.246260000000001]","[43.77925, 11.246260000000001]",15,16,Italy,Italy
2141250,2,"[43.77925, 11.246260000000001]","[43.4738, 11.02975]",16,16,Italy,Italy
2141250,3,"[43.4738, 11.02975]","[51.50853, -0.12574000000000002]",16,18,Italy,United Kingdom
2141250,4,"[51.50853, -0.12574000000000002]","[52.373020000000004, 4.89856]",19,20,United Kingdom,Netherlands
2007303,1,"[43.77925, 11.246260000000001]","[42.83333, 12.83333]",15,15,Italy,Italy
2007303,2,"[42.83333, 12.83333]","[42.83333, 12.83333]",15,16,Italy,Italy
2007303,3,"[42.83333, 12.83333]","[42.83333, 12.83333]",15,16,Italy,Italy
2007303,4,"[42.83333, 12.83333]","[45.46416, 9.191989999999999]",17,19,Italy,Italy
2007303,5,"[45.46416, 9.191989999999999]","[45.46416, 9.191989999999999]",17,19,Italy,Italy
2007303,6,"[45.46416, 9.191989999999999]","[45.46416, 9.191989999999999]",17,20,Italy,Italy
2007303,7,"[45.46416, 9.191989999999999]","[42.83333, 12.83333]",17,20,Italy,Italy
2141203,1,"[43.77925, 11.246260000000001]","[41.82399, -71.41283]",15,20,Italy,United States
2141203,2,"[41.82399, -71.41283]","[41.82399, -71.41283]",20,20,United States,United States
2140668,1,"[43.77925, 11.246260000000001]","[53.55073, 9.99302]",15,15,Italy,Germany
2140701,1,"[43.77925, 11.246260000000001]","[43.77925, 11.246260000000001]",15,16,Italy,Italy
2140701,2,"[43.77925, 11.246260000000001]","[43.77925, 11.246260000000001]",16,18,Italy,Italy
2140701,3,"[43.77925, 11.246260000000001]","[43.77925, 11.246260000000001]",19,19,Italy,Italy
2141556,1,"[43.77925, 11.246260000000001]","[43.77925, 11.246260000000001]",15,19,Italy,Italy
2141556,2,"[43.77925, 11.246260000000001]","[43.3085, 13.310360000000001]",19,19,Italy,Italy
2141556,3,"[43.3085, 13.310360000000001]","[41.7031, -86.23917]",20,20,Italy,United States
2140623,1,"[43.77925, 11.246260000000001]","[48.69096, 9.14062]",15,15,Italy,NoInfo
2140623,2,"[48.69096, 9.14062]","[42.83333, 12.83333]",15,17,NoInfo,Italy
2140623,3,"[42.83333, 12.83333]","[44.05507, 5.0481300000000005]",17,17,Italy,France
2140623,4,"[44.05507, 5.0481300000000005]","[44.05507, 5.0481300000000005]",18,18,France,France
2141180,1,"[43.77925, 11.246260000000001]","[43.77925, 11.246260000000001]",15,19,Italy,NoInfo
2141180,2,"[43.77925, 11.246260000000001]","[43.77925, 11.246260000000001]",20,19,NoInfo,NoInfo
2141180,3,"[43.77925, 11.246260000000001]","[54.75844, -2.6953099999999997]",20,19,NoInfo,United Kingdom
2141180,4,"[54.75844, -2.6953099999999997]","[51.50853, -0.12574000000000002]",20,20,United Kingdom,United Kingdom
2141614,1,"[43.77925, 11.246260000000001]","[42.83333, 12.83333]",15,15,Italy,Italy
2141614,2,"[42.83333, 12.83333]","[42.26259, -71.80229]",16,19,Italy,United States
2141614,3,"[42.26259, -71.80229]","[42.25842, -72.57453000000001]",20,19,United States,United States
2141614,4,"[42.25842, -72.57453000000001]","[42.25842, -72.57453000000001]",20,20,United States,United States
2141350,1,"[43.77925, 11.246260000000001]","[54.75844, -2.6953099999999997]",15,18,Italy,United Kingdom
2141350,2,"[54.75844, -2.6953099999999997]","[51.85, -1.36667]",18,18,United Kingdom,United Kingdom
2141350,3,"[51.85, -1.36667]","[52.2, 0.11667000000000001]",19,19,United Kingdom,United Kingdom
2140616,1,"[43.77925, 11.246260000000001]","[55.675940000000004, 12.56553]",15,18,Italy,Denmark
2140616,2,"[55.675940000000004, 12.56553]","[55.675940000000004, 12.56553]",18,18,Denmark,Denmark
2141622,1,"[43.77925, 11.246260000000001]","[42.83333, 12.83333]",15,15,Italy,Italy
2141622,2,"[42.83333, 12.83333]","[43.77925, 11.246260000000001]",15,19,Italy,Italy
2141622,3,"[43.77925, 11.246260000000001]","[39.29038, -76.61219]",20,20,Italy,United States
2141622,4,"[39.29038, -76.61219]","[39.29038, -76.61219]",20,20,United States,United States
2141620,1,"[43.77925, 11.246260000000001]","[43.77925, 11.246260000000001]",15,19,Italy,Italy
2141620,2,"[43.77925, 11.246260000000001]","[39.29038, -76.61219]",20,20,Italy,United States
2141620,3,"[39.29038, -76.61219]","[39.29038, -76.61219]",20,20,United States,United States
2141625,1,"[43.77925, 11.246260000000001]","[40.85216, 14.26811]",15,18,Italy,Italy
2141627,1,"[43.77925, 11.246260000000001]","[48.69096, 9.14062]",15,15,Italy,NoInfo
2141627,2,"[48.69096, 9.14062]","[48.69096, 9.14062]",16,17,NoInfo,NoInfo
2141627,3,"[48.69096, 9.14062]","[48.13743, 11.57549]",17,19,NoInfo,Germany
2141627,4,"[48.13743, 11.57549]","[41.90268, 12.454139999999999]",20,20,Germany,Vatican City
2141433,1,"[43.77925, 11.246260000000001]","[42.83333, 12.83333]",15,15,Italy,Italy
2141433,2,"[42.83333, 12.83333]","[42.83333, 12.83333]",15,15,Italy,Italy
2141433,3,"[42.83333, 12.83333]","[42.83333, 12.83333]",16,16,Italy,NoInfo
2141433,4,"[42.83333, 12.83333]","[41.89193, 12.511330000000001]",16,16,NoInfo,Italy
2141433,5,"[41.89193, 12.511330000000001]","[41.90225, 12.4533]",20,20,Italy,Vatican City
2141428,1,"[43.77925, 11.246260000000001]","[42.83333, 12.83333]",15,15,Italy,Italy
2141428,2,"[42.83333, 12.83333]","[41.90268, 12.454139999999999]",16,19,Italy,Vatican City
2141428,3,"[41.90268, 12.454139999999999]","[41.90225, 12.4533]",20,19,Vatican City,Vatican City
2140745,1,"[43.77925, 11.246260000000001]","[42.83333, 12.83333]",15,15,Italy,Italy
2140745,2,"[42.83333, 12.83333]","[42.83333, 12.83333]",16,19,Italy,NoInfo
2140745,3,"[42.83333, 12.83333]","[40.85216, 14.26811]",19,19,NoInfo,Italy
2141554,1,"[43.77925, 11.246260000000001]","[42.83333, 12.83333]",15,15,Italy,Italy
2141554,2,"[42.83333, 12.83333]","[43.77925, 11.246260000000001]",15,16,Italy,Italy
2141554,3,"[43.77925, 11.246260000000001]","[52.86195, -3.05497]",16,19,Italy,United Kingdom
2141554,4,"[52.86195, -3.05497]","[40.34872, -74.65905]",19,19,United Kingdom,United States
2141554,5,"[40.34872, -74.65905]","[40.34872, -74.65905]",20,20,United States,United States
2141630,1,"[43.77925, 11.246260000000001]","[43.77925, 11.246260000000001]",15,16,Italy,NoInfo
2141630,2,"[43.77925, 11.246260000000001]","[43.91452, -69.96533000000001]",16,19,NoInfo,United States
2141630,3,"[43.91452, -69.96533000000001]","[43.91452, -69.96533000000001]",20,20,United States,United States
2140711,1,"[43.77925, 11.246260000000001]","[42.83333, 12.83333]",15,15,Italy,Italy
2140711,2,"[42.83333, 12.83333]","[43.77925, 11.246260000000001]",16,19,Italy,Italy
2140711,3,"[43.77925, 11.246260000000001]","[43.77925, 11.246260000000001]",19,19,Italy,Italy
2141037,1,"[43.77925, 11.246260000000001]","[42.83333, 12.83333]",15,15,Italy,Italy
2141037,2,"[42.83333, 12.83333]","[43.77925, 11.246260000000001]",15,19,Italy,Italy
2141037,3,"[43.77925, 11.246260000000001]","[43.77925, 11.246260000000001]",19,19,Italy,Italy
2141037,4,"[43.77925, 11.246260000000001]","[43.77925, 11.246260000000001]",20,20,Italy,Italy
2126770,1,"[43.77925, 11.246260000000001]","[43.77925, 11.246260000000001]",15,15,Italy,NoInfo
2126770,2,"[43.77925, 11.246260000000001]","[43.77925, 11.246260000000001]",15,15,NoInfo,NoInfo
2126770,3,"[43.77925, 11.246260000000001]","[43.77925, 11.246260000000001]",15,15,NoInfo,NoInfo
2126770,4,"[43.77925, 11.246260000000001]","[43.77925, 11.246260000000001]",15,15,NoInfo,NoInfo
2126770,5,"[43.77925, 11.246260000000001]","[51.50853, -0.12574000000000002]",16,18,NoInfo,United Kingdom
2126770,6,"[51.50853, -0.12574000000000002]","[52.07689, -1.24167]",18,18,United Kingdom,United Kingdom
2126770,7,"[52.07689, -1.24167]","[51.50853, -0.12574000000000002]",19,19,United Kingdom,United Kingdom
2126770,8,"[51.50853, -0.12574000000000002]","[52.07689, -1.24167]",19,19,United Kingdom,United Kingdom
2126770,9,"[52.07689, -1.24167]","[52.07689, -1.24167]",19,19,United Kingdom,United Kingdom
2126770,10,"[52.07689, -1.24167]","[40.71427, -74.00596999999999]",19,19,United Kingdom,United States
2126770,11,"[40.71427, -74.00596999999999]","[42.83333, 12.83333]",19,19,United States,Italy
2126770,12,"[42.83333, 12.83333]","[42.83333, 12.83333]",20,20,Italy,Italy
2126770,13,"[42.83333, 12.83333]","[44.41344, 12.201210000000001]",20,20,Italy,Italy
2140741,1,"[43.77925, 11.246260000000001]","[43.77925, 11.246260000000001]",15,16,Italy,Italy
2140741,2,"[43.77925, 11.246260000000001]","[43.77925, 11.246260000000001]",16,18,Italy,NoInfo
2140741,3,"[43.77925, 11.246260000000001]","[40.85216, 14.26811]",18,19,NoInfo,Italy
2141490,1,"[43.77925, 11.246260000000001]","[43.77925, 11.246260000000001]",15,16,Italy,NoInfo
2141490,2,"[43.77925, 11.246260000000001]","[43.77925, 11.246260000000001]",16,16,NoInfo,NoInfo
2141490,3,"[43.77925, 11.246260000000001]","[41.90268, 12.454139999999999]",16,16,NoInfo,Vatican City
2141490,4,"[41.90268, 12.454139999999999]","[38.895109999999995, -77.03636999999999]",20,20,Vatican City,United States
2141263,1,"[43.77925, 11.246260000000001]","[42.83333, 12.83333]",15,15,Italy,Italy
2141263,2,"[42.83333, 12.83333]","[51.50853, -0.12574000000000002]",17,19,Italy,United Kingdom
2141263,3,"[51.50853, -0.12574000000000002]","[54.75844, -2.6953099999999997]",19,19,United Kingdom,United Kingdom
2141263,4,"[54.75844, -2.6953099999999997]","[54.75844, -2.6953099999999997]",19,19,United Kingdom,United Kingdom
2141263,5,"[54.75844, -2.6953099999999997]","[51.50853, -0.12574000000000002]",19,19,United Kingdom,United Kingdom
2141263,6,"[51.50853, -0.12574000000000002]","[42.35843, -71.05977]",19,19,United Kingdom,United States
2141263,7,"[42.35843, -71.05977]","[42.3751, -71.10561]",20,20,United States,United States
2141270,1,"[43.77925, 11.246260000000001]","[43.77925, 11.246260000000001]",15,18,Italy,NoInfo
2141270,2,"[43.77925, 11.246260000000001]","[39.127109999999995, -84.51439]",18,19,NoInfo,United States
2141270,3,"[39.127109999999995, -84.51439]","[41.85003, -87.65005]",19,19,United States,United States
2140994,1,"[43.77925, 11.246260000000001]","[48.85341, 2.3488]",15,18,Italy,France
2140994,2,"[48.85341, 2.3488]","[53.55073, 9.99302]",18,18,France,Germany
2140994,3,"[53.55073, 9.99302]","[53.55073, 9.99302]",19,19,Germany,Germany
2141186,1,"[43.77925, 11.246260000000001]","[42.83333, 12.83333]",15,15,Italy,Italy
2141186,2,"[42.83333, 12.83333]","[43.77925, 11.246260000000001]",15,15,Italy,Italy
2141186,3,"[43.77925, 11.246260000000001]","[42.83333, 12.83333]",15,16,Italy,Italy
2141186,4,"[42.83333, 12.83333]","[52.28107, -1.00095]",16,19,Italy,United Kingdom
2141186,5,"[52.28107, -1.00095]","[52.28107, -1.00095]",19,19,United Kingdom,NoInfo
2141186,6,"[52.28107, -1.00095]","[53.48095, -2.23743]",19,19,NoInfo,United Kingdom
2141186,7,"[53.48095, -2.23743]","[53.48095, -2.23743]",19,19,United Kingdom,United Kingdom
2141489,1,"[43.77925, 11.246260000000001]","[51.50853, -0.12574000000000002]",15,19,Italy,United Kingdom
2141489,2,"[51.50853, -0.12574000000000002]","[40.71427, -74.00596999999999]",20,19,United Kingdom,United States
2141489,3,"[40.71427, -74.00596999999999]","[40.09594, -75.12517]",20,20,United States,United States
2141489,4,"[40.09594, -75.12517]","[38.895109999999995, -77.03636999999999]",20,20,United States,United States
2140943,1,"[43.77925, 11.246260000000001]","[50.63373, 5.56749]",15,19,Italy,Belgium
2140632,1,"[43.77925, 11.246260000000001]","[42.83333, 12.83333]",15,15,Italy,Italy
2140632,2,"[42.83333, 12.83333]","[41.89193, 12.511330000000001]",15,18,Italy,Italy
2140632,3,"[41.89193, 12.511330000000001]","[48.85341, 2.3488]",18,18,Italy,France
2140632,4,"[48.85341, 2.3488]","[48.85341, 2.3488]",18,18,France,France
2141738,1,"[43.77925, 11.246260000000001]","[48.85341, 2.3488]",15,15,Italy,France
2141738,2,"[48.85341, 2.3488]","[48.85341, 2.3488]",19,19,France,France
2141738,3,"[48.85341, 2.3488]","[48.85341, 2.3488]",19,19,France,France
2141737,1,"[43.77925, 11.246260000000001]","[48.85341, 2.3488]",15,15,Italy,France
2141737,2,"[48.85341, 2.3488]","[48.85341, 2.3488]",18,18,France,France
2001008,1,"[43.77925, 11.246260000000001]","[51.50853, -0.12574000000000002]",15,18,Italy,United Kingdom
2001008,2,"[51.50853, -0.12574000000000002]","[51.50853, -0.12574000000000002]",19,19,United Kingdom,United Kingdom
2141599,1,"[43.77925, 11.246260000000001]","[43.77925, 11.246260000000001]",15,16,Italy,NoInfo
2141599,2,"[43.77925, 11.246260000000001]","[52.52437, 13.41053]",16,18,NoInfo,Germany
2141599,3,"[52.52437, 13.41053]","[52.52437, 13.41053]",19,19,Germany,Germany
2141629,1,"[43.77925, 11.246260000000001]","[43.77925, 11.246260000000001]",15,16,Italy,NoInfo
2141629,2,"[43.77925, 11.246260000000001]","[52.52437, 13.41053]",16,19,NoInfo,Germany
2141629,3,"[52.52437, 13.41053]","[52.52437, 13.41053]",20,20,Germany,Germany
2141643,1,"[43.77925, 11.246260000000001]","[43.77925, 11.246260000000001]",15,19,Italy,NoInfo
2141643,2,"[43.77925, 11.246260000000001]","[46.21672, 6.18041]",19,20,NoInfo,Switzerland
2140783,1,"[43.77925, 11.246260000000001]","[42.83333, 12.83333]",15,15,Italy,Italy
2140783,2,"[42.83333, 12.83333]","[43.318220000000004, 11.330639999999999]",16,18,Italy,Italy
2141600,1,"[43.77925, 11.246260000000001]","[51.05089, 13.738320000000002]",15,19,Italy,Germany
2141600,2,"[51.05089, 13.738320000000002]","[51.05089, 13.738320000000002]",19,19,Germany,Germany
2141601,1,"[43.77925, 11.246260000000001]","[51.05089, 13.738320000000002]",15,15,Italy,Germany
2140795,1,"[43.77925, 11.246260000000001]","[42.83333, 12.83333]",15,16,Italy,Italy
2140795,2,"[42.83333, 12.83333]","[45.53197, 12.186869999999999]",17,18,Italy,Italy
2140795,3,"[45.53197, 12.186869999999999]","[45.66673, 12.2416]",18,18,Italy,Italy
2140795,4,"[45.66673, 12.2416]","[45.66673, 12.2416]",19,19,Italy,Italy
2140630,1,"[43.77925, 11.246260000000001]","[45.4389, 12.330919999999999]",15,15,Italy,Italy
2140630,2,"[45.4389, 12.330919999999999]","[45.4389, 12.330919999999999]",16,16,Italy,Italy
2140630,3,"[45.4389, 12.330919999999999]","[48.85341, 2.3488]",16,19,Italy,France
2141192,1,"[43.77925, 11.246260000000001]","[42.83333, 12.83333]",15,15,Italy,Italy
2141192,2,"[42.83333, 12.83333]","[42.83333, 12.83333]",15,16,Italy,Italy
2141192,3,"[42.83333, 12.83333]","[42.35843, -71.05977]",17,20,Italy,United States
2141192,4,"[42.35843, -71.05977]","[42.3751, -71.10561]",20,20,United States,United States
2141192,5,"[42.3751, -71.10561]","[42.3751, -71.10561]",20,20,United States,United States
2141192,6,"[42.3751, -71.10561]","[42.35843, -71.05977]",20,20,United States,United States
2140648,1,"[43.77925, 11.246260000000001]","[43.77925, 11.246260000000001]",15,15,Italy,Italy
2140648,2,"[43.77925, 11.246260000000001]","[43.77925, 11.246260000000001]",16,15,Italy,NoInfo
2140648,3,"[43.77925, 11.246260000000001]","[41.89193, 12.511330000000001]",17,18,NoInfo,Italy
2140648,4,"[41.89193, 12.511330000000001]","[48.85341, 2.3488]",18,18,Italy,France
2141739,1,"[43.77925, 11.246260000000001]","[43.29695, 5.381069999999999]",15,18,Italy,France
2141739,2,"[43.29695, 5.381069999999999]","[48.85341, 2.3488]",18,18,France,France
2141717,1,"[43.77925, 11.246260000000001]","[48.208490000000005, 16.37208]",15,18,Italy,Austria
2141004,1,"[43.77925, 11.246260000000001]","[47.24878, 6.01815]",15,18,Italy,France
2141004,2,"[47.24878, 6.01815]","[47.24878, 6.01815]",19,19,France,France
2144949,1,"[43.77925, 11.246260000000001]","[42.83333, 12.83333]",15,16,Italy,Italy
2144949,2,"[42.83333, 12.83333]","[46.0, 2.0]",17,20,Italy,France
2144949,3,"[46.0, 2.0]","[40.71427, -74.00596999999999]",20,20,France,United States
2144949,4,"[40.71427, -74.00596999999999]","[40.71427, -74.00596999999999]",20,20,United States,United States
2141557,1,"[43.77925, 11.246260000000001]","[43.77925, 11.246260000000001]",15,17,Italy,Italy
2141557,2,"[43.77925, 11.246260000000001]","[43.77925, 11.246260000000001]",18,18,Italy,Italy
2141557,3,"[43.77925, 11.246260000000001]","[43.77925, 11.246260000000001]",19,19,Italy,NoInfo
2141557,4,"[43.77925, 11.246260000000001]","[52.0389, 0.73117]",19,19,NoInfo,United Kingdom
2141557,5,"[52.0389, 0.73117]","[51.50853, -0.12574000000000002]",19,19,United Kingdom,United Kingdom
2141557,6,"[51.50853, -0.12574000000000002]","[51.474109999999996, -0.91212]",20,19,United Kingdom,United Kingdom
2141557,7,"[51.474109999999996, -0.91212]","[41.56232, -72.65065]",20,19,United Kingdom,United States
2144952,1,"[43.77925, 11.246260000000001]","[48.85341, 2.3488]",15,19,Italy,France
2144952,2,"[48.85341, 2.3488]","[41.89193, 12.511330000000001]",19,21,France,Italy
2144952,3,"[41.89193, 12.511330000000001]","[45.46427, 9.18951]",19,21,Italy,Italy
2141558,1,"[43.77925, 11.246260000000001]","[41.30815, -72.92815999999999]",15,20,Italy,United States
2141439,1,"[43.77925, 11.246260000000001]","[42.44063, -76.49661]",15,19,Italy,United States
2141267,1,"[43.77925, 11.246260000000001]","[34.09668, -117.71978]",15,20,Italy,United States
2141440,1,"[43.77925, 11.246260000000001]","[39.16533, -86.52639]",15,20,Italy,United States
2001009,1,"[43.77925, 11.246260000000001]","[42.83333, 12.83333]",15,15,Italy,Italy
2001009,2,"[42.83333, 12.83333]","[42.83333, 12.83333]",16,18,Italy,Italy
2001009,3,"[42.83333, 12.83333]","[51.50853, -0.12574000000000002]",19,19,Italy,United Kingdom
2140856,1,"[43.77925, 11.246260000000001]","[43.77925, 11.246260000000001]",15,16,Italy,Italy
2140856,2,"[43.77925, 11.246260000000001]","[51.50853, -0.12574000000000002]",17,17,Italy,United Kingdom
2140856,3,"[51.50853, -0.12574000000000002]","[51.50853, -0.12574000000000002]",18,18,United Kingdom,United Kingdom
2140784,1,"[43.77925, 11.246260000000001]","[42.83333, 12.83333]",15,15,Italy,Italy
2140784,2,"[42.83333, 12.83333]","[43.77925, 11.246260000000001]",15,17,Italy,Italy
2140784,3,"[43.77925, 11.246260000000001]","[43.318220000000004, 11.330639999999999]",15,18,Italy,Italy
2142781,1,"[43.77925, 11.246260000000001]","[43.77925, 11.246260000000001]",15,19,Italy,Italy
2142781,2,"[43.77925, 11.246260000000001]","[51.05089, 13.738320000000002]",19,19,Italy,Germany
2142781,3,"[51.05089, 13.738320000000002]","[51.05089, 13.738320000000002]",20,20,Germany,Germany
2142781,4,"[51.05089, 13.738320000000002]","[51.05089, 13.738320000000002]",20,20,Germany,Germany
2142781,5,"[51.05089, 13.738320000000002]","[55.752219999999994, 37.615559999999995]",20,20,Germany,Russia
2141086,1,"[43.77925, 11.246260000000001]","[42.83333, 12.83333]",15,15,Italy,Italy
2141086,2,"[42.83333, 12.83333]","[42.83333, 12.83333]",16,15,Italy,Italy
2141086,3,"[42.83333, 12.83333]","[42.83333, 12.83333]",16,17,Italy,Italy
2141086,4,"[42.83333, 12.83333]","[48.13743, 11.57549]",17,18,Italy,Germany
2141086,5,"[48.13743, 11.57549]","[45.446940000000005, 8.62118]",19,18,Germany,Italy
2141086,6,"[45.446940000000005, 8.62118]","[45.446940000000005, 8.62118]",19,19,Italy,Italy
2141148,1,"[43.77925, 11.246260000000001]","[48.69096, 9.14062]",15,16,Italy,NoInfo
2141148,2,"[48.69096, 9.14062]","[35.685359999999996, 139.75309]",16,18,NoInfo,Japan
2141148,3,"[35.685359999999996, 139.75309]","[35.685359999999996, 139.75309]",18,18,Japan,Japan
2141148,4,"[35.685359999999996, 139.75309]","[53.22662, -1.62576]",18,19,Japan,United Kingdom
2141148,5,"[53.22662, -1.62576]","[53.21666999999999, -1.6]",19,19,United Kingdom,United Kingdom
2141598,1,"[43.77925, 11.246260000000001]","[48.13743, 11.57549]",15,15,Italy,Germany
2141603,1,"[43.77925, 11.246260000000001]","[42.83333, 12.83333]",15,15,Italy,Italy
2141603,2,"[42.83333, 12.83333]","[35.685359999999996, 139.75309]",16,18,Italy,Japan
2141603,3,"[35.685359999999996, 139.75309]","[35.685359999999996, 139.75309]",18,20,Japan,NoInfo
2141603,4,"[35.685359999999996, 139.75309]","[45.07049, 7.68682]",20,20,NoInfo,Italy
2141603,5,"[45.07049, 7.68682]","[46.202220000000004, 6.14569]",21,21,Italy,Switzerland
2141143,1,"[43.77925, 11.246260000000001]","[42.83333, 12.83333]",15,15,Italy,Italy
2141143,2,"[42.83333, 12.83333]","[54.75844, -2.6953099999999997]",15,19,Italy,United Kingdom
2141143,3,"[54.75844, -2.6953099999999997]","[51.50853, -0.12574000000000002]",19,19,United Kingdom,United Kingdom
2141143,4,"[51.50853, -0.12574000000000002]","[51.50853, -0.12574000000000002]",19,19,United Kingdom,United Kingdom
2141143,5,"[51.50853, -0.12574000000000002]","[51.50853, -0.12574000000000002]",19,19,United Kingdom,United Kingdom
2141143,6,"[51.50853, -0.12574000000000002]","[50.16782, -5.32303]",19,19,United Kingdom,United Kingdom
2141143,7,"[50.16782, -5.32303]","[52.2, 0.11667000000000001]",19,19,United Kingdom,United Kingdom
2140676,1,"[43.77925, 11.246260000000001]","[42.83333, 12.83333]",15,15,Italy,Italy
2140676,2,"[42.83333, 12.83333]","[42.83333, 12.83333]",16,15,Italy,Italy
2140676,3,"[42.83333, 12.83333]","[42.83333, 12.83333]",16,16,Italy,Italy
2140676,4,"[42.83333, 12.83333]","[42.83333, 12.83333]",16,16,Italy,Italy
2140676,5,"[42.83333, 12.83333]","[42.83333, 12.83333]",16,16,Italy,Italy
2140676,6,"[42.83333, 12.83333]","[43.77925, 11.246260000000001]",16,16,Italy,Italy
2140676,7,"[43.77925, 11.246260000000001]","[43.77925, 11.246260000000001]",16,16,Italy,Italy
2140676,8,"[43.77925, 11.246260000000001]","[43.77925, 11.246260000000001]",16,16,Italy,Italy
2140676,9,"[43.77925, 11.246260000000001]","[43.77925, 11.246260000000001]",17,17,Italy,Italy
2140676,10,"[43.77925, 11.246260000000001]","[48.68439, 6.18496]",17,18,Italy,France
2140676,11,"[48.68439, 6.18496]","[48.89731, 9.19161]",18,18,France,Germany
2140676,12,"[48.89731, 9.19161]","[48.77667, 9.1775]",18,18,Germany,Germany
2142772,1,"[43.77925, 11.246260000000001]","[43.77925, 11.246260000000001]",15,16,Italy,NoInfo
2142772,2,"[43.77925, 11.246260000000001]","[42.83333, 12.83333]",16,17,NoInfo,Italy
2142772,3,"[42.83333, 12.83333]","[43.77925, 11.246260000000001]",17,18,Italy,Italy
2142772,4,"[43.77925, 11.246260000000001]","[35.685359999999996, 139.75309]",18,18,Italy,Japan
2142772,5,"[35.685359999999996, 139.75309]","[-22.90642, -43.18223]",18,19,Japan,Brazil
2142772,6,"[-22.90642, -43.18223]","[-22.90642, -43.18223]",20,20,Brazil,Brazil
2001010,1,"[43.77925, 11.246260000000001]","[54.75844, -2.6953099999999997]",15,17,Italy,United Kingdom
2001010,2,"[54.75844, -2.6953099999999997]","[51.50853, -0.12574000000000002]",18,18,United Kingdom,United Kingdom
2001010,3,"[51.50853, -0.12574000000000002]","[51.50853, -0.12574000000000002]",18,18,United Kingdom,United Kingdom
2142777,1,"[43.77925, 11.246260000000001]","[51.05089, 13.738320000000002]",15,16,Italy,Germany
2142777,2,"[51.05089, 13.738320000000002]","[55.752219999999994, 37.615559999999995]",20,20,Germany,Russia
559810,1,"[43.77925, 11.246260000000001]","[42.83333, 12.83333]",15,15,Italy,Italy
559810,2,"[42.83333, 12.83333]","[51.48165, -0.28749]",17,18,Italy,United Kingdom
559810,3,"[51.48165, -0.28749]","[51.50853, -0.12574000000000002]",19,19,United Kingdom,United Kingdom
559810,4,"[51.50853, -0.12574000000000002]","[54.75844, -2.6953099999999997]",19,19,United Kingdom,United Kingdom
559810,5,"[54.75844, -2.6953099999999997]","[52.2, 0.11667000000000001]",20,20,United Kingdom,United Kingdom
2140828,1,"[43.77925, 11.246260000000001]","[43.77925, 11.246260000000001]",15,15,Italy,NoInfo
2140828,2,"[43.77925, 11.246260000000001]","[51.05089, 13.738320000000002]",15,19,NoInfo,Germany
2140828,3,"[51.05089, 13.738320000000002]","[51.339620000000004, 12.37129]",19,19,Germany,Germany
2140828,4,"[51.339620000000004, 12.37129]","[55.752219999999994, 37.615559999999995]",20,20,Germany,Russia
2140829,1,"[43.77925, 11.246260000000001]","[59.93863, 30.31413]",15,19,Italy,Russia
2140829,2,"[59.93863, 30.31413]","[55.752219999999994, 37.615559999999995]",19,19,Russia,Russia
2140829,3,"[55.752219999999994, 37.615559999999995]","[55.752219999999994, 37.615559999999995]",20,20,Russia,Russia
2141491,1,"[43.77925, 11.246260000000001]","[42.83333, 12.83333]",15,15,Italy,Italy
2141491,2,"[42.83333, 12.83333]","[44.32588, 7.67431]",15,17,Italy,Italy
2141491,3,"[44.32588, 7.67431]","[51.50853, -0.12574000000000002]",17,19,Italy,United Kingdom
2141491,4,"[51.50853, -0.12574000000000002]","[37.80437, -122.2708]",19,19,United Kingdom,United States
2141491,5,"[37.80437, -122.2708]","[37.80437, -122.2708]",20,20,United States,United States
2142782,1,"[43.77925, 11.246260000000001]","[51.50853, -0.12574000000000002]",15,19,Italy,United Kingdom
2142782,2,"[51.50853, -0.12574000000000002]","[51.50853, -0.12574000000000002]",19,19,United Kingdom,United Kingdom
2141147,1,"[43.77925, 11.246260000000001]","[43.77925, 11.246260000000001]",15,16,Italy,Italy
2141147,2,"[43.77925, 11.246260000000001]","[51.50853, -0.12574000000000002]",16,17,Italy,United Kingdom
2141147,3,"[51.50853, -0.12574000000000002]","[52.2, 0.11667000000000001]",17,17,United Kingdom,United Kingdom
2140991,1,"[43.77925, 11.246260000000001]","[42.83333, 12.83333]",15,15,Italy,Italy
2140991,2,"[42.83333, 12.83333]","[40.85216, 14.26811]",16,15,Italy,Italy
2140991,3,"[40.85216, 14.26811]","[54.75844, -2.6953099999999997]",16,18,Italy,United Kingdom
2140991,4,"[54.75844, -2.6953099999999997]","[47.39484, 0.70398]",19,18,United Kingdom,France
2140991,5,"[47.39484, 0.70398]","[47.39484, 0.70398]",20,20,France,France
2138497,1,"[43.77925, 11.246260000000001]","[43.77925, 11.246260000000001]",15,16,Italy,NoInfo
2138497,2,"[43.77925, 11.246260000000001]","[52.068659999999994, 4.28635]",16,19,NoInfo,Netherlands
2138497,3,"[52.068659999999994, 4.28635]","[52.068659999999994, 4.28635]",19,19,Netherlands,Netherlands
2129250,1,"[43.77925, 11.246260000000001]","[42.83333, 12.83333]",15,15,Italy,Italy
2129250,2,"[42.83333, 12.83333]","[54.75844, -2.6953099999999997]",15,18,Italy,United Kingdom
2129250,3,"[54.75844, -2.6953099999999997]","[51.50853, -0.12574000000000002]",19,19,United Kingdom,United Kingdom
2129250,4,"[51.50853, -0.12574000000000002]","[51.32029, -1.54255]",19,19,United Kingdom,United Kingdom
2129250,5,"[51.32029, -1.54255]","[51.50853, -0.12574000000000002]",20,20,United Kingdom,United Kingdom
2129250,6,"[51.50853, -0.12574000000000002]","[51.50853, -0.12574000000000002]",20,20,United Kingdom,United Kingdom
2129250,7,"[51.50853, -0.12574000000000002]","[34.1214, -118.10646000000001]",20,20,United Kingdom,United States
2129250,8,"[34.1214, -118.10646000000001]","[34.1214, -118.10646000000001]",20,20,United States,United States
2141115,1,"[43.77925, 11.246260000000001]","[43.77925, 11.246260000000001]",15,15,Italy,NoInfo
2141115,2,"[43.77925, 11.246260000000001]","[49.83826, 24.023239999999998]",15,15,NoInfo,Ukraine
2141115,3,"[49.83826, 24.023239999999998]","[49.83826, 24.023239999999998]",19,19,Ukraine,Ukraine
2141115,4,"[49.83826, 24.023239999999998]","[51.1, 17.03333]",20,20,Ukraine,Poland
2013774,1,"[43.77925, 11.246260000000001]","[43.77925, 11.246260000000001]",15,16,Italy,NoInfo
2013774,2,"[43.77925, 11.246260000000001]","[43.77925, 11.246260000000001]",18,16,NoInfo,NoInfo
2013774,3,"[43.77925, 11.246260000000001]","[43.77925, 11.246260000000001]",17,18,NoInfo,NoInfo
2013774,4,"[43.77925, 11.246260000000001]","[43.77925, 11.246260000000001]",19,15,NoInfo,NoInfo
2013774,5,"[43.77925, 11.246260000000001]","[51.50853, -0.12574000000000002]",16,18,NoInfo,United Kingdom
2013774,6,"[51.50853, -0.12574000000000002]","[51.50853, -0.12574000000000002]",19,19,United Kingdom,United Kingdom
2013774,7,"[51.50853, -0.12574000000000002]","[51.50853, -0.12574000000000002]",19,19,United Kingdom,United Kingdom
2013774,8,"[51.50853, -0.12574000000000002]","[40.32118, -79.37948]",19,20,United Kingdom,United States
2013774,9,"[40.32118, -79.37948]","[40.71427, -74.00596999999999]",20,20,United States,United States
2013774,10,"[40.71427, -74.00596999999999]","[51.50853, -0.12574000000000002]",20,21,United States,United Kingdom
2013774,11,"[51.50853, -0.12574000000000002]","[37.98376, 23.72784]",21,21,United Kingdom,Greece
2013774,12,"[37.98376, 23.72784]","[37.98376, 23.72784]",21,21,Greece,Greece
2016450,1,"[43.77925, 11.246260000000001]","[45.54694, 13.729439999999999]",15,15,Italy,Slovenia
2016450,2,"[45.54694, 13.729439999999999]","[42.83333, 12.83333]",15,15,Slovenia,Italy
2016450,3,"[42.83333, 12.83333]","[43.77925, 11.246260000000001]",16,16,Italy,Italy
2016450,4,"[43.77925, 11.246260000000001]","[45.437129999999996, 12.33265]",17,17,Italy,Italy
2016450,5,"[45.437129999999996, 12.33265]","[45.437129999999996, 12.33265]",18,18,Italy,Italy
2016450,6,"[45.437129999999996, 12.33265]","[45.437129999999996, 12.33265]",19,19,Italy,Italy
2128758,1,"[43.77925, 11.246260000000001]","[42.83333, 12.83333]",15,15,Italy,Italy
2128758,2,"[42.83333, 12.83333]","[42.83333, 12.83333]",15,17,Italy,Italy
2128758,3,"[42.83333, 12.83333]","[40.71427, -74.00596999999999]",18,20,Italy,United States
2128758,4,"[40.71427, -74.00596999999999]","[40.71427, -74.00596999999999]",20,20,United States,United States
2128758,5,"[40.71427, -74.00596999999999]","[42.296490000000006, -71.29256]",20,20,United States,United States
2140739,1,"[43.77925, 11.246260000000001]","[42.83333, 12.83333]",15,17,Italy,Italy
2140739,2,"[42.83333, 12.83333]","[42.83333, 12.83333]",17,19,Italy,NoInfo
2140739,3,"[42.83333, 12.83333]","[44.64783, 10.92539]",19,19,NoInfo,Italy
2140739,4,"[44.64783, 10.92539]","[44.64783, 10.92539]",20,20,Italy,Italy
2141240,1,"[43.77925, 11.246260000000001]","[42.83333, 12.83333]",15,15,Italy,Italy
2141240,2,"[42.83333, 12.83333]","[42.83333, 12.83333]",16,17,Italy,NoInfo
2141240,3,"[42.83333, 12.83333]","[55.86515, -4.257630000000001]",18,17,NoInfo,United Kingdom
2141240,4,"[55.86515, -4.257630000000001]","[55.86515, -4.257630000000001]",19,19,United Kingdom,United Kingdom
2141240,5,"[55.86515, -4.257630000000001]","[55.86515, -4.257630000000001]",19,19,United Kingdom,United Kingdom
2141240,6,"[55.86515, -4.257630000000001]","[55.86515, -4.257630000000001]",19,19,United Kingdom,United Kingdom
2140723,1,"[43.77925, 11.246260000000001]","[42.83333, 12.83333]",15,16,Italy,Italy
2140723,2,"[42.83333, 12.83333]","[44.40478, 8.94439]",17,19,Italy,Italy
2140723,3,"[44.40478, 8.94439]","[44.40478, 8.94439]",20,19,Italy,Italy
2140988,1,"[43.77925, 11.246260000000001]","[42.83333, 12.83333]",15,15,Italy,Italy
2140988,2,"[42.83333, 12.83333]","[43.29695, 5.381069999999999]",15,19,Italy,France
2140988,3,"[43.29695, 5.381069999999999]","[48.85341, 2.3488]",19,20,France,France
2140750,1,"[43.77925, 11.246260000000001]","[40.85216, 14.26811]",15,19,Italy,Italy
2140750,2,"[40.85216, 14.26811]","[40.85216, 14.26811]",19,19,Italy,Italy
2140752,1,"[43.77925, 11.246260000000001]","[42.83333, 12.83333]",15,15,Italy,Italy
2140752,2,"[42.83333, 12.83333]","[43.708529999999996, 10.4036]",18,15,Italy,Italy
2140752,3,"[43.708529999999996, 10.4036]","[43.708529999999996, 10.4036]",18,18,Italy,Italy
2140760,1,"[43.77925, 11.246260000000001]","[43.72123, 11.76642]",15,18,Italy,Italy
2140760,2,"[43.72123, 11.76642]","[43.72123, 11.76642]",19,19,Italy,Italy
2140687,1,"[43.77925, 11.246260000000001]","[42.83333, 12.83333]",15,15,Italy,Italy
2140687,2,"[42.83333, 12.83333]","[44.46667, 11.43333]",15,18,Italy,Italy
2117472,1,"[43.77925, 11.246260000000001]","[42.83333, 12.83333]",15,15,Italy,Italy
2117472,2,"[42.83333, 12.83333]","[48.2082, 16.37169]",16,19,Italy,Austria
2141109,1,"[43.77925, 11.246260000000001]","[42.83333, 12.83333]",15,15,Italy,Italy
2141109,2,"[42.83333, 12.83333]","[45.19205, 9.15917]",16,18,Italy,Italy
2141109,3,"[45.19205, 9.15917]","[45.19205, 9.15917]",19,19,Italy,Italy
2141099,1,"[43.77925, 11.246260000000001]","[42.83333, 12.83333]",15,15,Italy,Italy
2141099,2,"[42.83333, 12.83333]","[43.77925, 11.246260000000001]",16,18,Italy,Italy
2141099,3,"[43.77925, 11.246260000000001]","[43.77925, 11.246260000000001]",18,18,Italy,Italy
2141099,4,"[43.77925, 11.246260000000001]","[45.4299, 10.98444]",19,18,Italy,Italy
2141099,5,"[45.4299, 10.98444]","[45.4299, 10.98444]",19,19,Italy,Italy
2141102,1,"[43.77925, 11.246260000000001]","[42.83333, 12.83333]",15,15,Italy,Italy
2141102,2,"[42.83333, 12.83333]","[42.83333, 12.83333]",15,16,Italy,NoInfo
2141102,3,"[42.83333, 12.83333]","[56.59766, 24.207629999999998]",16,19,NoInfo,Latvia
2141102,4,"[56.59766, 24.207629999999998]","[56.946000000000005, 24.10589]",20,20,Latvia,Latvia
2141016,1,"[43.77925, 11.246260000000001]","[42.83333, 12.83333]",15,15,Italy,Italy
2141016,2,"[42.83333, 12.83333]","[42.83333, 12.83333]",15,16,Italy,Italy
2141016,3,"[42.83333, 12.83333]","[42.83333, 12.83333]",16,15,Italy,Italy
2141016,4,"[42.83333, 12.83333]","[43.69876, 11.814739999999999]",16,15,Italy,Italy
2141016,5,"[43.69876, 11.814739999999999]","[43.61995, 11.471910000000001]",20,20,Italy,Italy
2141110,1,"[43.77925, 11.246260000000001]","[42.83333, 12.83333]",15,15,Italy,Italy
2141110,2,"[42.83333, 12.83333]","[42.83333, 12.83333]",16,15,Italy,Italy
2141110,3,"[42.83333, 12.83333]","[42.83333, 12.83333]",16,18,Italy,Italy
2141427,1,"[43.77925, 11.246260000000001]","[42.83333, 12.83333]",15,17,Italy,Italy
2141427,2,"[42.83333, 12.83333]","[41.90225, 12.4533]",17,17,Italy,Vatican City
2141456,1,"[43.77925, 11.246260000000001]","[42.83333, 12.83333]",15,15,Italy,Italy
2141456,2,"[42.83333, 12.83333]","[42.83333, 12.83333]",16,16,Italy,Italy
2141456,3,"[42.83333, 12.83333]","[42.83333, 12.83333]",16,18,Italy,NoInfo
2141456,4,"[42.83333, 12.83333]","[41.89193, 12.511330000000001]",18,20,NoInfo,Italy
2140731,1,"[43.77925, 11.246260000000001]","[42.83333, 12.83333]",15,15,Italy,Italy
2140731,2,"[42.83333, 12.83333]","[42.83333, 12.83333]",16,15,Italy,Italy
2140731,3,"[42.83333, 12.83333]","[44.30905, 8.47715]",16,17,Italy,Italy
2140731,4,"[44.30905, 8.47715]","[43.84369, 10.50447]",17,18,Italy,Italy
2141434,1,"[43.77925, 11.246260000000001]","[42.83333, 12.83333]",15,15,Italy,Italy
2141434,2,"[42.83333, 12.83333]","[43.65975, 11.18494]",15,15,Italy,Italy
2141434,3,"[43.65975, 11.18494]","[42.83333, 12.83333]",15,17,Italy,Italy
2141434,4,"[42.83333, 12.83333]","[42.83333, 12.83333]",17,16,Italy,Italy
2141434,5,"[42.83333, 12.83333]","[41.89193, 12.511330000000001]",17,18,Italy,Italy
2141434,6,"[41.89193, 12.511330000000001]","[41.90225, 12.4533]",18,18,Italy,Vatican City
2141204,1,"[43.77925, 11.246260000000001]","[43.77925, 11.246260000000001]",15,15,Italy,Italy
2141204,2,"[43.77925, 11.246260000000001]","[48.69096, 9.14062]",16,16,Italy,NoInfo
2141204,3,"[48.69096, 9.14062]","[43.77925, 11.246260000000001]",16,18,NoInfo,Italy
2141204,4,"[43.77925, 11.246260000000001]","[44.493809999999996, 11.33875]",18,19,Italy,Italy
2141204,5,"[44.493809999999996, 11.33875]","[42.3751, -71.10561]",19,19,Italy,United States
2141204,6,"[42.3751, -71.10561]","[42.3751, -71.10561]",20,20,United States,United States
2141492,1,"[43.77925, 11.246260000000001]","[40.85216, 14.26811]",15,18,Italy,Italy
2141492,2,"[40.85216, 14.26811]","[52.28107, -1.00095]",19,19,Italy,United Kingdom
2141492,3,"[52.28107, -1.00095]","[40.71427, -74.00596999999999]",19,19,United Kingdom,United States
2141492,4,"[40.71427, -74.00596999999999]","[40.71427, -74.00596999999999]",20,20,United States,United States
2145052,1,"[43.77925, 11.246260000000001]","[42.83333, 12.83333]",15,15,Italy,Italy
2145052,2,"[42.83333, 12.83333]","[43.77925, 11.246260000000001]",16,15,Italy,Italy
2145052,3,"[43.77925, 11.246260000000001]","[52.683330000000005, 0.6166699999999999]",16,18,Italy,United Kingdom
2145052,4,"[52.683330000000005, 0.6166699999999999]","[51.50853, -0.12574000000000002]",20,20,United Kingdom,United Kingdom
2145052,5,"[51.50853, -0.12574000000000002]","[41.4901, -71.31283]",20,20,United Kingdom,United States
2145052,6,"[41.4901, -71.31283]","[40.71427, -74.00596999999999]",20,20,United States,United States
2145052,7,"[40.71427, -74.00596999999999]","[40.71427, -74.00596999999999]",20,20,United States,United States
2145052,8,"[40.71427, -74.00596999999999]","[40.71427, -74.00596999999999]",20,20,United States,United States
2145052,9,"[40.71427, -74.00596999999999]","[50.04937, 10.22175]",20,20,United States,Germany
2141553,1,"[43.77925, 11.246260000000001]","[43.77925, 11.246260000000001]",15,15,Italy,Italy
2141553,2,"[43.77925, 11.246260000000001]","[43.77925, 11.246260000000001]",16,15,Italy,NoInfo
2141553,3,"[43.77925, 11.246260000000001]","[51.50853, -0.12574000000000002]",16,18,NoInfo,United Kingdom
2141553,4,"[51.50853, -0.12574000000000002]","[52.28107, -1.00095]",19,19,United Kingdom,United Kingdom
2141553,5,"[52.28107, -1.00095]","[51.50853, -0.12574000000000002]",19,19,United Kingdom,United Kingdom
2141553,6,"[51.50853, -0.12574000000000002]","[52.03127, -1.01815]",19,19,United Kingdom,United Kingdom
2141553,7,"[52.03127, -1.01815]","[51.50853, -0.12574000000000002]",19,19,United Kingdom,United Kingdom
2141553,8,"[51.50853, -0.12574000000000002]","[51.50853, -0.12574000000000002]",19,19,United Kingdom,United Kingdom
2141553,9,"[51.50853, -0.12574000000000002]","[51.50853, -0.12574000000000002]",19,19,United Kingdom,United Kingdom
2141553,10,"[51.50853, -0.12574000000000002]","[51.50853, -0.12574000000000002]",19,19,United Kingdom,NoInfo
2141553,11,"[51.50853, -0.12574000000000002]","[51.50853, -0.12574000000000002]",19,19,NoInfo,United Kingdom
2141553,12,"[51.50853, -0.12574000000000002]","[40.85216, 14.26811]",19,19,United Kingdom,Italy
2141553,13,"[40.85216, 14.26811]","[55.635940000000005, -3.4680699999999995]",19,19,Italy,United Kingdom
2141553,14,"[55.635940000000005, -3.4680699999999995]","[40.71427, -74.00596999999999]",20,20,United Kingdom,United States
2141553,15,"[40.71427, -74.00596999999999]","[40.71427, -74.00596999999999]",20,20,United States,United States
2141227,1,"[43.77925, 11.246260000000001]","[55.99089, -3.3984699999999997]",15,15,Italy,United Kingdom
2141227,2,"[55.99089, -3.3984699999999997]","[51.75222, -1.25596]",19,19,United Kingdom,United Kingdom
2140776,1,"[43.77925, 11.246260000000001]","[42.83333, 12.83333]",15,15,Italy,Italy
2140776,2,"[42.83333, 12.83333]","[42.83333, 12.83333]",15,15,Italy,NoInfo
2140776,3,"[42.83333, 12.83333]","[41.89193, 12.511330000000001]",16,17,NoInfo,Italy
2141400,1,"[43.77925, 11.246260000000001]","[42.83333, 12.83333]",15,15,Italy,Italy
2141400,2,"[42.83333, 12.83333]","[51.50853, -0.12574000000000002]",15,17,Italy,United Kingdom
2141400,3,"[51.50853, -0.12574000000000002]","[51.8485, -1.35132]",18,18,United Kingdom,United Kingdom
2141400,4,"[51.8485, -1.35132]","[40.71427, -74.00596999999999]",19,19,United Kingdom,United States
2141400,5,"[40.71427, -74.00596999999999]","[40.71427, -74.00596999999999]",20,20,United States,United States
2141400,6,"[40.71427, -74.00596999999999]","[48.85341, 2.3488]",20,20,United States,France
2141400,7,"[48.85341, 2.3488]","[35.6895, 139.69171]",20,20,France,Japan
2141400,8,"[35.6895, 139.69171]","[35.6895, 139.69171]",21,21,Japan,Japan
2140685,1,"[43.77925, 11.246260000000001]","[42.83333, 12.83333]",15,15,Italy,Italy
2140685,2,"[42.83333, 12.83333]","[42.83333, 12.83333]",15,16,Italy,Italy
2140685,3,"[42.83333, 12.83333]","[42.83333, 12.83333]",16,16,Italy,Italy
2140685,4,"[42.83333, 12.83333]","[42.83333, 12.83333]",16,16,Italy,Italy
2140685,5,"[42.83333, 12.83333]","[43.462759999999996, 11.88068]",16,17,Italy,Italy
2140732,1,"[43.77925, 11.246260000000001]","[42.83333, 12.83333]",15,15,Italy,Italy
2140732,2,"[42.83333, 12.83333]","[43.84369, 10.50447]",16,19,Italy,Italy
2141029,1,"[43.77925, 11.246260000000001]","[42.83333, 12.83333]",15,15,Italy,Italy
2141029,2,"[42.83333, 12.83333]","[43.77925, 11.246260000000001]",16,17,Italy,Italy
2141029,3,"[43.77925, 11.246260000000001]","[43.77925, 11.246260000000001]",17,17,Italy,NoInfo
2141029,4,"[43.77925, 11.246260000000001]","[43.77925, 11.246260000000001]",17,17,NoInfo,Italy
2141029,5,"[43.77925, 11.246260000000001]","[44.41344, 12.201210000000001]",18,20,Italy,Italy
2141588,1,"[43.77925, 11.246260000000001]","[42.83333, 12.83333]",15,15,Italy,Italy
2141588,2,"[42.83333, 12.83333]","[42.83333, 12.83333]",15,16,Italy,Italy
2141588,3,"[42.83333, 12.83333]","[42.83333, 12.83333]",16,17,Italy,NoInfo
2141588,4,"[42.83333, 12.83333]","[51.05089, 13.738320000000002]",17,18,NoInfo,Germany
2141588,5,"[51.05089, 13.738320000000002]","[52.37052, 9.73322]",19,19,Germany,Germany
2141588,6,"[52.37052, 9.73322]","[52.24067, 0.50415]",19,19,Germany,United Kingdom
2141588,7,"[52.24067, 0.50415]","[48.208490000000005, 16.37208]",19,19,United Kingdom,Austria
2141588,8,"[48.208490000000005, 16.37208]","[53.9, 27.566670000000002]",19,20,Austria,Belarus
2141168,1,"[43.77925, 11.246260000000001]","[42.83333, 12.83333]",15,15,Italy,Italy
2141168,2,"[42.83333, 12.83333]","[45.07049, 7.68682]",16,18,Italy,Italy
2140634,1,"[43.77925, 11.246260000000001]","[43.77925, 11.246260000000001]",15,15,Italy,NoInfo
2140634,2,"[43.77925, 11.246260000000001]","[42.83333, 12.83333]",17,17,NoInfo,Italy
2140634,3,"[42.83333, 12.83333]","[48.85341, 2.3488]",17,19,Italy,France
2140634,4,"[48.85341, 2.3488]","[48.85341, 2.3488]",20,20,France,France
2141251,1,"[43.77925, 11.246260000000001]","[42.83333, 12.83333]",15,15,Italy,Italy
2141251,2,"[42.83333, 12.83333]","[42.83333, 12.83333]",16,15,Italy,NoInfo
2141251,3,"[42.83333, 12.83333]","[42.3751, -71.10561]",16,19,NoInfo,United States
2141251,4,"[42.3751, -71.10561]","[42.3751, -71.10561]",19,19,United States,NoInfo
2140686,1,"[43.77925, 11.246260000000001]","[43.77925, 11.246260000000001]",15,16,Italy,Italy
2140686,2,"[43.77925, 11.246260000000001]","[42.83333, 12.83333]",16,15,Italy,Italy
2140686,3,"[42.83333, 12.83333]","[44.493809999999996, 11.33875]",16,18,Italy,Italy
2140686,4,"[44.493809999999996, 11.33875]","[44.46667, 11.43333]",19,19,Italy,Italy
2141596,1,"[43.77925, 11.246260000000001]","[43.77925, 11.246260000000001]",15,16,Italy,Italy
2141596,2,"[43.77925, 11.246260000000001]","[42.83333, 12.83333]",16,17,Italy,Italy
2141596,3,"[42.83333, 12.83333]","[45.46427, 9.18951]",17,19,Italy,Italy
2141596,4,"[45.46427, 9.18951]","[45.46427, 9.18951]",19,19,Italy,NoInfo
2141596,5,"[45.46427, 9.18951]","[51.185390000000005, 6.44172]",19,19,NoInfo,Germany
2141596,6,"[51.185390000000005, 6.44172]","[50.93333, 6.95]",20,20,Germany,Germany
2140704,1,"[43.77925, 11.246260000000001]","[42.83333, 12.83333]",15,15,Italy,Italy
2140704,2,"[42.83333, 12.83333]","[43.77925, 11.246260000000001]",15,16,Italy,Italy
2140704,3,"[43.77925, 11.246260000000001]","[43.77925, 11.246260000000001]",16,16,Italy,Italy
2140704,4,"[43.77925, 11.246260000000001]","[43.77925, 11.246260000000001]",19,19,Italy,Italy
2140704,5,"[43.77925, 11.246260000000001]","[43.77925, 11.246260000000001]",19,19,Italy,Italy
2141035,1,"[43.77925, 11.246260000000001]","[42.83333, 12.83333]",15,16,Italy,Italy
2141035,2,"[42.83333, 12.83333]","[42.83333, 12.83333]",16,16,Italy,Italy
2141035,3,"[42.83333, 12.83333]","[43.8805, 11.09699]",17,17,Italy,Italy
2141035,4,"[43.8805, 11.09699]","[43.77925, 11.246260000000001]",17,19,Italy,Italy
2141035,5,"[43.77925, 11.246260000000001]","[43.77925, 11.246260000000001]",19,19,Italy,Italy
2141035,6,"[43.77925, 11.246260000000001]","[43.77925, 11.246260000000001]",20,20,Italy,Italy
2140738,1,"[43.77925, 11.246260000000001]","[43.77925, 11.246260000000001]",15,16,Italy,Italy
2140738,2,"[43.77925, 11.246260000000001]","[42.83333, 12.83333]",16,15,Italy,Italy
2140738,3,"[42.83333, 12.83333]","[44.64783, 10.92539]",15,15,Italy,Italy
2140738,4,"[44.64783, 10.92539]","[44.64783, 10.92539]",19,19,Italy,Italy
2141048,1,"[43.77925, 11.246260000000001]","[42.83333, 12.83333]",15,16,Italy,Italy
2141048,2,"[42.83333, 12.83333]","[44.0731, 10.477889999999999]",16,17,Italy,Italy
2141048,3,"[44.0731, 10.477889999999999]","[43.544270000000004, 10.32615]",17,17,Italy,Italy
2141048,4,"[43.544270000000004, 10.32615]","[43.544270000000004, 10.32615]",19,19,Italy,Italy
2140700,1,"[43.77925, 11.246260000000001]","[42.83333, 12.83333]",15,15,Italy,Italy
2140700,2,"[42.83333, 12.83333]","[43.77925, 11.246260000000001]",15,15,Italy,Italy
2140700,3,"[43.77925, 11.246260000000001]","[43.77925, 11.246260000000001]",15,18,Italy,Italy
2140700,4,"[43.77925, 11.246260000000001]","[43.77925, 11.246260000000001]",19,19,Italy,Italy
2140703,1,"[43.77925, 11.246260000000001]","[42.83333, 12.83333]",15,15,Italy,Italy
2140703,2,"[42.83333, 12.83333]","[43.708529999999996, 10.4036]",15,15,Italy,Italy
2140703,3,"[43.708529999999996, 10.4036]","[43.77925, 11.246260000000001]",16,18,Italy,Italy
2140703,4,"[43.77925, 11.246260000000001]","[43.77925, 11.246260000000001]",19,19,Italy,Italy
2140703,5,"[43.77925, 11.246260000000001]","[43.77925, 11.246260000000001]",19,19,Italy,Italy
2141082,1,"[43.77925, 11.246260000000001]","[42.83333, 12.83333]",15,15,Italy,Italy
2141082,2,"[42.83333, 12.83333]","[43.77925, 11.246260000000001]",16,18,Italy,Italy
2141082,3,"[43.77925, 11.246260000000001]","[55.952059999999996, -3.1964799999999998]",19,19,Italy,United Kingdom
2141082,4,"[55.952059999999996, -3.1964799999999998]","[55.952059999999996, -3.1964799999999998]",19,20,United Kingdom,United Kingdom
2141097,1,"[43.77925, 11.246260000000001]","[42.83333, 12.83333]",15,15,Italy,Italy
2141097,2,"[42.83333, 12.83333]","[42.83333, 12.83333]",15,15,Italy,Italy
2141097,3,"[42.83333, 12.83333]","[43.708529999999996, 10.4036]",16,15,Italy,Italy
2141097,4,"[43.708529999999996, 10.4036]","[42.83333, 12.83333]",16,17,Italy,Italy
2141097,5,"[42.83333, 12.83333]","[42.83333, 12.83333]",17,18,Italy,NoInfo
2141097,6,"[42.83333, 12.83333]","[50.115520000000004, 8.68417]",18,19,NoInfo,Germany
2141097,7,"[50.115520000000004, 8.68417]","[50.115520000000004, 8.68417]",19,19,Germany,NoInfo
2141097,8,"[50.115520000000004, 8.68417]","[45.64953, 13.776779999999999]",19,19,NoInfo,Italy
2141097,9,"[45.64953, 13.776779999999999]","[41.89193, 12.511330000000001]",20,20,Italy,Italy
2140725,1,"[43.77925, 11.246260000000001]","[42.83333, 12.83333]",15,15,Italy,Italy
2140725,2,"[42.83333, 12.83333]","[42.83333, 12.83333]",16,16,Italy,NoInfo
2140725,3,"[42.83333, 12.83333]","[45.46427, 9.18951]",16,18,NoInfo,Italy
2140725,4,"[45.46427, 9.18951]","[52.37403, 4.88969]",18,18,Italy,Netherlands
2140725,5,"[52.37403, 4.88969]","[44.40478, 8.94439]",18,18,Netherlands,Italy
2140725,6,"[44.40478, 8.94439]","[44.40478, 8.94439]",19,19,Italy,Italy
2141098,1,"[43.77925, 11.246260000000001]","[43.77925, 11.246260000000001]",15,16,Italy,Italy
2141098,2,"[43.77925, 11.246260000000001]","[40.72586, 8.55552]",16,18,Italy,Italy
2141098,3,"[40.72586, 8.55552]","[40.72586, 8.55552]",19,19,Italy,Italy
2140849,1,"[43.77925, 11.246260000000001]","[43.77925, 11.246260000000001]",15,16,Italy,NoInfo
2140849,2,"[43.77925, 11.246260000000001]","[35.685359999999996, 139.75309]",17,19,NoInfo,Japan
2140849,3,"[35.685359999999996, 139.75309]","[41.06997, 1.05949]",19,19,Japan,Spain
2140849,4,"[41.06997, 1.05949]","[41.38879, 2.15899]",20,19,Spain,Spain
2140849,5,"[41.38879, 2.15899]","[41.38879, 2.15899]",20,20,Spain,Spain
2141338,1,"[43.77925, 11.246260000000001]","[42.83333, 12.83333]",15,15,Italy,Italy
2141338,2,"[42.83333, 12.83333]","[42.83333, 12.83333]",16,15,Italy,Italy
2141338,3,"[42.83333, 12.83333]","[38.13205, 13.33561]",16,15,Italy,Italy
2141338,4,"[38.13205, 13.33561]","[38.13205, 13.33561]",20,20,Italy,Italy
2140675,1,"[43.77925, 11.246260000000001]","[42.83333, 12.83333]",15,16,Italy,Italy
2140675,2,"[42.83333, 12.83333]","[48.208490000000005, 16.37208]",18,18,Italy,Austria
2140675,3,"[48.208490000000005, 16.37208]","[48.13743, 11.57549]",19,19,Austria,Germany
2140751,1,"[43.77925, 11.246260000000001]","[42.83333, 12.83333]",15,16,Italy,Italy
2140751,2,"[42.83333, 12.83333]","[42.83333, 12.83333]",16,15,Italy,Italy
2140751,3,"[42.83333, 12.83333]","[42.83333, 12.83333]",16,18,Italy,NoInfo
2140751,4,"[42.83333, 12.83333]","[44.79935, 10.32618]",19,18,NoInfo,Italy
2140709,1,"[43.77925, 11.246260000000001]","[42.83333, 12.83333]",15,15,Italy,Italy
2140709,2,"[42.83333, 12.83333]","[42.83333, 12.83333]",16,15,Italy,Italy
2140709,3,"[42.83333, 12.83333]","[42.83333, 12.83333]",16,15,Italy,Italy
2140709,4,"[42.83333, 12.83333]","[43.77925, 11.246260000000001]",16,19,Italy,Italy
2140855,1,"[43.77925, 11.246260000000001]","[43.77925, 11.246260000000001]",15,16,Italy,NoInfo
2140855,2,"[43.77925, 11.246260000000001]","[43.77925, 11.246260000000001]",16,16,NoInfo,Italy
2140855,3,"[43.77925, 11.246260000000001]","[35.685359999999996, 139.75309]",16,18,Italy,Japan
2140855,4,"[35.685359999999996, 139.75309]","[59.858819999999994, 17.63889]",19,18,Japan,Sweden
2140770,1,"[43.77925, 11.246260000000001]","[42.83333, 12.83333]",15,16,Italy,Italy
2140770,2,"[42.83333, 12.83333]","[42.83333, 12.83333]",16,16,Italy,Italy
2140770,3,"[42.83333, 12.83333]","[41.89193, 12.511330000000001]",16,19,Italy,Italy
2141191,1,"[43.77925, 11.246260000000001]","[45.437129999999996, 12.33265]",15,17,Italy,Italy
2141191,2,"[45.437129999999996, 12.33265]","[51.75222, -1.25596]",18,19,Italy,United Kingdom
2141108,1,"[43.77925, 11.246260000000001]","[40.0, -4.0]",15,15,Italy,Spain
2141108,2,"[40.0, -4.0]","[40.0, -4.0]",15,17,Spain,Spain
2141108,3,"[40.0, -4.0]","[42.880520000000004, -8.545689999999999]",17,17,Spain,Spain
2011395,1,"[43.77925, 11.246260000000001]","[43.77925, 11.246260000000001]",15,15,Italy,Italy
2011395,2,"[43.77925, 11.246260000000001]","[43.77925, 11.246260000000001]",16,19,Italy,NoInfo
2011395,3,"[43.77925, 11.246260000000001]","[42.83333, 12.83333]",16,19,NoInfo,Italy
2011395,4,"[42.83333, 12.83333]","[42.83333, 12.83333]",16,19,Italy,NoInfo
2011395,5,"[42.83333, 12.83333]","[42.83333, 12.83333]",16,19,NoInfo,Italy
2141034,1,"[43.77925, 11.246260000000001]","[43.77925, 11.246260000000001]",15,15,Italy,Italy
2141034,2,"[43.77925, 11.246260000000001]","[42.83333, 12.83333]",16,20,Italy,Italy
2140961,1,"[43.77925, 11.246260000000001]","[48.85341, 2.3488]",15,19,Italy,France
2140961,2,"[48.85341, 2.3488]","[48.85341, 2.3488]",20,20,France,France
2140961,3,"[48.85341, 2.3488]","[48.85341, 2.3488]",21,21,France,France
2141280,1,"[43.77925, 11.246260000000001]","[45.46427, 9.18951]",15,15,Italy,Italy
2141280,2,"[45.46427, 9.18951]","[48.69096, 9.14062]",16,15,Italy,NoInfo
2141280,3,"[48.69096, 9.14062]","[52.0389, 0.73117]",16,19,NoInfo,United Kingdom
2141280,4,"[52.0389, 0.73117]","[51.50853, -0.12574000000000002]",19,20,United Kingdom,United Kingdom
2141280,5,"[51.50853, -0.12574000000000002]","[38.029309999999995, -78.47668]",20,20,United Kingdom,United States
2141280,6,"[38.029309999999995, -78.47668]","[45.02819, 11.64265]",20,20,United States,Italy
2141280,7,"[45.02819, 11.64265]","[37.42411, -122.16608000000001]",20,20,Italy,United States
201623,1,"[43.77925, 11.246260000000001]","[42.83333, 12.83333]",15,15,Italy,Italy
201623,2,"[42.83333, 12.83333]","[45.437129999999996, 12.33265]",16,18,Italy,Italy
201623,3,"[45.437129999999996, 12.33265]","[51.48611, -3.6086099999999997]",18,19,Italy,United Kingdom
201623,4,"[51.48611, -3.6086099999999997]","[52.16045, -0.70312]",19,19,United Kingdom,United Kingdom
201623,5,"[52.16045, -0.70312]","[42.35843, -71.05977]",20,20,United Kingdom,United States
201623,6,"[42.35843, -71.05977]","[42.3751, -71.10561]",20,20,United States,United States
2140702,1,"[43.77925, 11.246260000000001]","[42.83333, 12.83333]",15,16,Italy,Italy
2140702,2,"[42.83333, 12.83333]","[43.77925, 11.246260000000001]",16,18,Italy,Italy
2140702,3,"[43.77925, 11.246260000000001]","[43.77925, 11.246260000000001]",18,18,Italy,Italy
2140702,4,"[43.77925, 11.246260000000001]","[43.77925, 11.246260000000001]",19,19,Italy,Italy
2141122,1,"[43.77925, 11.246260000000001]","[43.77925, 11.246260000000001]",15,15,Italy,Italy
2141122,2,"[43.77925, 11.246260000000001]","[43.77925, 11.246260000000001]",16,16,Italy,NoInfo
2141122,3,"[43.77925, 11.246260000000001]","[51.05089, 13.738320000000002]",18,17,NoInfo,Germany
2141122,4,"[51.05089, 13.738320000000002]","[51.05089, 13.738320000000002]",18,18,Germany,Germany
2141122,5,"[51.05089, 13.738320000000002]","[51.05089, 13.738320000000002]",18,18,Germany,Germany
2001011,1,"[43.77925, 11.246260000000001]","[45.4389, 12.330919999999999]",15,18,Italy,Italy
2001011,2,"[45.4389, 12.330919999999999]","[51.50853, -0.12574000000000002]",18,18,Italy,United Kingdom
2001011,3,"[51.50853, -0.12574000000000002]","[51.50853, -0.12574000000000002]",19,19,United Kingdom,United Kingdom
2140726,1,"[43.77925, 11.246260000000001]","[42.83333, 12.83333]",15,15,Italy,Italy
2140726,2,"[42.83333, 12.83333]","[42.83333, 12.83333]",15,15,Italy,Italy
2140726,3,"[42.83333, 12.83333]","[48.37154, 10.89851]",17,18,Italy,Germany
2140726,4,"[48.37154, 10.89851]","[48.37154, 10.89851]",17,19,Germany,Germany
2140726,5,"[48.37154, 10.89851]","[48.37154, 10.89851]",17,19,Germany,Germany
